Workbook

Sheet beer_1
B1: Date
B3: Name: | R3: Beer#: | S3: 1
B5: Aroma | R5: Flavour
B6: Malt | R6: Malt
G7: X | Q7: =IF(ISBLANK(O7),IF(ISBLANK(M7),IF(ISBLANK(K7),IF(ISBLANK(I7),IF(ISBLANK(G7),IF(ISBLANK(E7),0,1),2),3),4),5),6) | Y7: X | AG7: =IF(ISBLANK(AE7),IF(ISBLANK(AC7),IF(ISBLANK(AA7),IF(ISBLANK(Y7),IF(ISBLANK(W7),IF(ISBLANK(U7),0,1),2),3),4),5),6)
C8: 0 | E8: 1 | G8: 2 | I8: 3 | K8: 4 | M8: 5 | O8: 6 | S8: 0 | U8: 1 | W8: 2 | Y8: 3 | AA8: 4 | AC8: 5 | AE8: 6
C10: X | E10: Cereals, flour, grains | Q10: =IF(ISBLANK(C10),0,Q7) | S10: X | U10: Cereals, flour, grains | AG10: =IF(ISBLANK(S10),0,AG7)
C12: X | E12: Bread crust | Q12: =IF(ISBLANK(C12),0,Q7) | S12: X | U12: Bread crust | AG12: =IF(ISBLANK(S12),0,AG7)
E14: Caramel | Q14: =IF(ISBLANK(C14),0,Q7) | U14: Caramel | AG14: =IF(ISBLANK(S14),0,AG7)
E16: Smoked, burnt toast | Q16: =IF(ISBLANK(C16),0,Q7) | U16: Smoked, burnt toast | AG16: =IF(ISBLANK(S16),0,AG7)
B19: Hops | R19: Hops
M20: X | Q20: =IF(ISBLANK(O20),IF(ISBLANK(M20),IF(ISBLANK(K20),IF(ISBLANK(I20),IF(ISBLANK(G20),IF(ISBLANK(E20),0,1),2),3),4),5),6) | AC20: X | AG20: =IF(ISBLANK(AE20),IF(ISBLANK(AC20),IF(ISBLANK(AA20),IF(ISBLANK(Y20),IF(ISBLANK(W20),IF(ISBLANK(U20),0,1),2),3),4),5),6)
C21: 0 | E21: 1 | G21: 2 | I21: 3 | K21: 4 | M21: 5 | O21: 6 | S21: 0 | U21: 1 | W21: 2 | Y21: 3 | AA21: 4 | AC21: 5 | AE21: 6
C23: X | E23: Citrus | Q23: =IF(ISBLANK(C23),0,Q20) | S23: X | U23: Citrus | AG23: =IF(ISBLANK(S23),0,AG20)
C25: X | E25: Tropical fruit | Q25: =IF(ISBLANK(C25),0,Q20) | S25: X | U25: Tropical fruit | AG25: =IF(ISBLANK(S25),0,AG20)
C27: X | E27: Noble hops (dried herbs, dried grass, hay) | Q27: =IF(ISBLANK(C27),0,Q20) | S27: X | U27: Noble hops (dried herbs, dried grass, hay) | AG27: =IF(ISBLANK(S27),0,AG20)
C29: X | E29: Pine, woody, resinous | Q29: =IF(ISBLANK(C29),0,Q20) | S29: X | U29: Pine, woody, resinous | AG29: =IF(ISBLANK(S29),0,AG20)
B32: Esters | R32: Esters
K33: X | Q33: =IF(ISBLANK(O33),IF(ISBLANK(M33),IF(ISBLANK(K33),IF(ISBLANK(I33),IF(ISBLANK(G33),IF(ISBLANK(E33),0,1),2),3),4),5),6) | AA33: X | AG33: =IF(ISBLANK(AE33),IF(ISBLANK(AC33),IF(ISBLANK(AA33),IF(ISBLANK(Y33),IF(ISBLANK(W33),IF(ISBLANK(U33),0,1),2),3),4),5),6)
C34: 0 | E34: 1 | G34: 2 | I34: 3 | K34: 4 | M34: 5 | O34: 6 | S34: 0 | U34: 1 | W34: 2 | Y34: 3 | AA34: 4 | AC34: 5 | AE34: 6
C36: X | E36: Ethyl acetate, solvent, nail polish | Q36: =IF(ISBLANK(C36),0,Q33) | S36: X | U36: Ethyl acetate, solvent, nail polish | AG36: =IF(ISBLANK(S36),0,AG33)
C38: X | E38: Banana, pear, candy | Q38: =IF(ISBLANK(C38),0,Q33) | S38: X | U38: Banana, pear, candy | AG38: =IF(ISBLANK(S38),0,AG33)
E40: Flowers, roses | Q40: =IF(ISBLANK(C40),0,Q33) | U40: Flowers, roses | AG40: =IF(ISBLANK(S40),0,AG33)
E42: Sweet, fruity, apples | Q42: =IF(ISBLANK(C42),0,Q33) | U42: Sweet, fruity, apples | AG42: =IF(ISBLANK(S42),0,AG33)
B44: Acetaldehyde (green apples, peel) | R44: Acetaldehyde (green apples, peel)
Q45: =IF(ISBLANK(O45),IF(ISBLANK(M45),IF(ISBLANK(K45),IF(ISBLANK(I45),IF(ISBLANK(G45),IF(ISBLANK(E45),0,1),2),3),4),5),6) | AG45: =IF(ISBLANK(AE45),IF(ISBLANK(AC45),IF(ISBLANK(AA45),IF(ISBLANK(Y45),IF(ISBLANK(W45),IF(ISBLANK(U45),0,1),2),3),4),5),6)
C46: 0 | E46: 1 | G46: 2 | I46: 3 | K46: 4 | M46: 5 | O46: 6 | S46: 0 | U46: 1 | W46: 2 | Y46: 3 | AA46: 4 | AC46: 5 | AE46: 6
B49: Body | R49: Alcohol
K50: X | Q50: =IF(ISBLANK(O50),IF(ISBLANK(M50),IF(ISBLANK(K50),IF(ISBLANK(I50),IF(ISBLANK(G50),IF(ISBLANK(E50),0,1),2),3),4),5),6) | AC50: X | AG50: =IF(ISBLANK(AE50),IF(ISBLANK(AC50),IF(ISBLANK(AA50),IF(ISBLANK(Y50),IF(ISBLANK(W50),IF(ISBLANK(U50),0,1),2),3),4),5),6)
C51: 0 | E51: 1 | G51: 2 | I51: 3 | K51: 4 | M51: 5 | O51: 6 | S51: 0 | U51: 1 | W51: 2 | Y51: 3 | AA51: 4 | AC51: 5 | AE51: 6
B53: Bitterness | R53: Sweetness
M54: X | Q54: =IF(ISBLANK(O54),IF(ISBLANK(M54),IF(ISBLANK(K54),IF(ISBLANK(I54),IF(ISBLANK(G54),IF(ISBLANK(E54),0,1),2),3),4),5),6) | U54: X | AG54: =IF(ISBLANK(AE54),IF(ISBLANK(AC54),IF(ISBLANK(AA54),IF(ISBLANK(Y54),IF(ISBLANK(W54),IF(ISBLANK(U54),0,1),2),3),4),5),6)
C55: 0 | E55: 1 | G55: 2 | I55: 3 | K55: 4 | M55: 5 | O55: 6 | S55: 0 | U55: 1 | W55: 2 | Y55: 3 | AA55: 4 | AC55: 5 | AE55: 6
B57: Carbonation | R57: Acidity/sourness
M58: X | Q58: =IF(ISBLANK(O58),IF(ISBLANK(M58),IF(ISBLANK(K58),IF(ISBLANK(I58),IF(ISBLANK(G58),IF(ISBLANK(E58),0,1),2),3),4),5),6) | S58: X | AG58: =IF(ISBLANK(AE58),IF(ISBLANK(AC58),IF(ISBLANK(AA58),IF(ISBLANK(Y58),IF(ISBLANK(W58),IF(ISBLANK(U58),0,1),2),3),4),5),6)
C59: 0 | E59: 1 | G59: 2 | I59: 3 | K59: 4 | M59: 5 | O59: 6 | S59: 0 | U59: 1 | W59: 2 | Y59: 3 | AA59: 4 | AC59: 5 | AE59: 6
B61: Aftertaste
M62: X | Q62: =IF(ISBLANK(O62),IF(ISBLANK(M62),IF(ISBLANK(K62),IF(ISBLANK(I62),IF(ISBLANK(G62),IF(ISBLANK(E62),0,1),2),3),4),5),6) | AG62: =IF(ISBLANK(AE62),IF(ISBLANK(AC62),IF(ISBLANK(AA62),IF(ISBLANK(Y62),IF(ISBLANK(W62),IF(ISBLANK(U62),0,1),2),3),4),5),6)
C63: 0 | E63: 1 | G63: 2 | I63: 3 | K63: 4 | M63: 5 | O63: 6
B66: Faults
B67: DMS (cooked cabbage, corn) | R67: Trans-2-nonenal (wet cardboard, old attic, papery)
O68: X | Q68: =IF(ISBLANK(O68),IF(ISBLANK(M68),IF(ISBLANK(K68),IF(ISBLANK(I68),IF(ISBLANK(G68),IF(ISBLANK(E68),0,1),2),3),4),5),6) | W68: X | AG68: =IF(ISBLANK(AE68),IF(ISBLANK(AC68),IF(ISBLANK(AA68),IF(ISBLANK(Y68),IF(ISBLANK(W68),IF(ISBLANK(U68),0,1),2),3),4),5),6)
C69: 0 | E69: 1 | G69: 2 | I69: 3 | K69: 4 | M69: 5 | O69: 6 | S69: 0 | U69: 1 | W69: 2 | Y69: 3 | AA69: 4 | AC69: 5 | AE69: 6
B71: Metallic | R71: Diacetyl (buttery, caramel/butterscotch)
I72: X | Q72: =IF(ISBLANK(O72),IF(ISBLANK(M72),IF(ISBLANK(K72),IF(ISBLANK(I72),IF(ISBLANK(G72),IF(ISBLANK(E72),0,1),2),3),4),5),6) | W72: X | AG72: =IF(ISBLANK(AE72),IF(ISBLANK(AC72),IF(ISBLANK(AA72),IF(ISBLANK(Y72),IF(ISBLANK(W72),IF(ISBLANK(U72),0,1),2),3),4),5),6)
C73: 0 | E73: 1 | G73: 2 | I73: 3 | K73: 4 | M73: 5 | O73: 6 | S73: 0 | U73: 1 | W73: 2 | Y73: 3 | AA73: 4 | AC73: 5 | AE73: 6
B75: 4VG (smoky, clove, medicinal, dentist) | R75: Stale hops (cheesy, roquefort)
K76: X | Q76: =IF(ISBLANK(O76),IF(ISBLANK(M76),IF(ISBLANK(K76),IF(ISBLANK(I76),IF(ISBLANK(G76),IF(ISBLANK(E76),0,1),2),3),4),5),6) | Y76: X | AG76: =IF(ISBLANK(AE76),IF(ISBLANK(AC76),IF(ISBLANK(AA76),IF(ISBLANK(Y76),IF(ISBLANK(W76),IF(ISBLANK(U76),0,1),2),3),4),5),6)
C77: 0 | E77: 1 | G77: 2 | I77: 3 | K77: 4 | M77: 5 | O77: 6 | S77: 0 | U77: 1 | W77: 2 | Y77: 3 | AA77: 4 | AC77: 5 | AE77: 6
B80: Spiced beers | R80: Lambic/Geuze
B81: Orange | R81: Lactic acid
E82: X | Q82: =IF(ISBLANK(O82),IF(ISBLANK(M82),IF(ISBLANK(K82),IF(ISBLANK(I82),IF(ISBLANK(G82),IF(ISBLANK(E82),0,1),2),3),4),5),6) | S82: X | AG82: =IF(ISBLANK(AE82),IF(ISBLANK(AC82),IF(ISBLANK(AA82),IF(ISBLANK(Y82),IF(ISBLANK(W82),IF(ISBLANK(U82),0,1),2),3),4),5),6)
C83: 0 | E83: 1 | G83: 2 | I83: 3 | K83: 4 | M83: 5 | O83: 6 | S83: 0 | U83: 1 | W83: 2 | Y83: 3 | AA83: 4 | AC83: 5 | AE83: 6
B85: Coriander | R85: Acetic acid
E86: X | Q86: =IF(ISBLANK(O86),IF(ISBLANK(M86),IF(ISBLANK(K86),IF(ISBLANK(I86),IF(ISBLANK(G86),IF(ISBLANK(E86),0,1),2),3),4),5),6) | S86: X | AG86: =IF(ISBLANK(AE86),IF(ISBLANK(AC86),IF(ISBLANK(AA86),IF(ISBLANK(Y86),IF(ISBLANK(W86),IF(ISBLANK(U86),0,1),2),3),4),5),6)
C87: 0 | E87: 1 | G87: 2 | I87: 3 | K87: 4 | M87: 5 | O87: 6 | S87: 0 | U87: 1 | W87: 2 | Y87: 3 | AA87: 4 | AC87: 5 | AE87: 6
B89: Clove/anise | R89: Barnyard/horsey
E90: X | Q90: =IF(ISBLANK(O90),IF(ISBLANK(M90),IF(ISBLANK(K90),IF(ISBLANK(I90),IF(ISBLANK(G90),IF(ISBLANK(E90),0,1),2),3),4),5),6) | Y90: X | AG90: =IF(ISBLANK(AE90),IF(ISBLANK(AC90),IF(ISBLANK(AA90),IF(ISBLANK(Y90),IF(ISBLANK(W90),IF(ISBLANK(U90),0,1),2),3),4),5),6)
C91: 0 | E91: 1 | G91: 2 | I91: 3 | K91: 4 | M91: 5 | O91: 6 | S91: 0 | U91: 1 | W91: 2 | Y91: 3 | AA91: 4 | AC91: 5 | AE91: 6
B93: Overall | R93: Comments:
M94: X | Q94: =IF(ISBLANK(O94),IF(ISBLANK(M94),IF(ISBLANK(K94),IF(ISBLANK(I94),IF(ISBLANK(G94),IF(ISBLANK(E94),0,1),2),3),4),5),6) | AG94: =IF(ISBLANK(AE94),IF(ISBLANK(AC94),IF(ISBLANK(AA94),IF(ISBLANK(Y94),IF(ISBLANK(W94),IF(ISBLANK(U94),0,1),2),3),4),5),6)
C95: 0 | E95: 1 | G95: 2 | I95: 3 | K95: 4 | M95: 5 | O95: 6 | S95: 相对评分（基于折外预测，非原始品评分）。预测支持度C档（参考分）：A_malt_grain, A_hops_woody, A_esters_isoaa, A_esters_flower, A_esters_fruity, F_malt_grain, F_esters_flower, diacetyl, dms, metallic, stale_hops, orange, clove, barnyard
E97: Not present
C98: 0
E100: Predominant/overwhelming
C101: 6

Sheet beer_2
B1: Date
B3: Name: | R3: Beer#: | S3: 2
B5: Aroma | R5: Flavour
B6: Malt | R6: Malt
I7: X | Q7: =IF(ISBLANK(O7),IF(ISBLANK(M7),IF(ISBLANK(K7),IF(ISBLANK(I7),IF(ISBLANK(G7),IF(ISBLANK(E7),0,1),2),3),4),5),6) | W7: X | AG7: =IF(ISBLANK(AE7),IF(ISBLANK(AC7),IF(ISBLANK(AA7),IF(ISBLANK(Y7),IF(ISBLANK(W7),IF(ISBLANK(U7),0,1),2),3),4),5),6)
C8: 0 | E8: 1 | G8: 2 | I8: 3 | K8: 4 | M8: 5 | O8: 6 | S8: 0 | U8: 1 | W8: 2 | Y8: 3 | AA8: 4 | AC8: 5 | AE8: 6
C10: X | E10: Cereals, flour, grains | Q10: =IF(ISBLANK(C10),0,Q7) | S10: X | U10: Cereals, flour, grains | AG10: =IF(ISBLANK(S10),0,AG7)
C12: X | E12: Bread crust | Q12: =IF(ISBLANK(C12),0,Q7) | U12: Bread crust | AG12: =IF(ISBLANK(S12),0,AG7)
E14: Caramel | Q14: =IF(ISBLANK(C14),0,Q7) | U14: Caramel | AG14: =IF(ISBLANK(S14),0,AG7)
E16: Smoked, burnt toast | Q16: =IF(ISBLANK(C16),0,Q7) | U16: Smoked, burnt toast | AG16: =IF(ISBLANK(S16),0,AG7)
B19: Hops | R19: Hops
C20: X | Q20: =IF(ISBLANK(O20),IF(ISBLANK(M20),IF(ISBLANK(K20),IF(ISBLANK(I20),IF(ISBLANK(G20),IF(ISBLANK(E20),0,1),2),3),4),5),6) | S20: X | AG20: =IF(ISBLANK(AE20),IF(ISBLANK(AC20),IF(ISBLANK(AA20),IF(ISBLANK(Y20),IF(ISBLANK(W20),IF(ISBLANK(U20),0,1),2),3),4),5),6)
C21: 0 | E21: 1 | G21: 2 | I21: 3 | K21: 4 | M21: 5 | O21: 6 | S21: 0 | U21: 1 | W21: 2 | Y21: 3 | AA21: 4 | AC21: 5 | AE21: 6
E23: Citrus | Q23: =IF(ISBLANK(C23),0,Q20) | U23: Citrus | AG23: =IF(ISBLANK(S23),0,AG20)
E25: Tropical fruit | Q25: =IF(ISBLANK(C25),0,Q20) | U25: Tropical fruit | AG25: =IF(ISBLANK(S25),0,AG20)
E27: Noble hops (dried herbs, dried grass, hay) | Q27: =IF(ISBLANK(C27),0,Q20) | U27: Noble hops (dried herbs, dried grass, hay) | AG27: =IF(ISBLANK(S27),0,AG20)
E29: Pine, woody, resinous | Q29: =IF(ISBLANK(C29),0,Q20) | U29: Pine, woody, resinous | AG29: =IF(ISBLANK(S29),0,AG20)
B32: Esters | R32: Esters
C33: X | Q33: =IF(ISBLANK(O33),IF(ISBLANK(M33),IF(ISBLANK(K33),IF(ISBLANK(I33),IF(ISBLANK(G33),IF(ISBLANK(E33),0,1),2),3),4),5),6) | S33: X | AG33: =IF(ISBLANK(AE33),IF(ISBLANK(AC33),IF(ISBLANK(AA33),IF(ISBLANK(Y33),IF(ISBLANK(W33),IF(ISBLANK(U33),0,1),2),3),4),5),6)
C34: 0 | E34: 1 | G34: 2 | I34: 3 | K34: 4 | M34: 5 | O34: 6 | S34: 0 | U34: 1 | W34: 2 | Y34: 3 | AA34: 4 | AC34: 5 | AE34: 6
E36: Ethyl acetate, solvent, nail polish | Q36: =IF(ISBLANK(C36),0,Q33) | U36: Ethyl acetate, solvent, nail polish | AG36: =IF(ISBLANK(S36),0,AG33)
E38: Banana, pear, candy | Q38: =IF(ISBLANK(C38),0,Q33) | U38: Banana, pear, candy | AG38: =IF(ISBLANK(S38),0,AG33)
E40: Flowers, roses | Q40: =IF(ISBLANK(C40),0,Q33) | U40: Flowers, roses | AG40: =IF(ISBLANK(S40),0,AG33)
E42: Sweet, fruity, apples | Q42: =IF(ISBLANK(C42),0,Q33) | U42: Sweet, fruity, apples | AG42: =IF(ISBLANK(S42),0,AG33)
B44: Acetaldehyde (green apples, peel) | R44: Acetaldehyde (green apples, peel)
Q45: =IF(ISBLANK(O45),IF(ISBLANK(M45),IF(ISBLANK(K45),IF(ISBLANK(I45),IF(ISBLANK(G45),IF(ISBLANK(E45),0,1),2),3),4),5),6) | AG45: =IF(ISBLANK(AE45),IF(ISBLANK(AC45),IF(ISBLANK(AA45),IF(ISBLANK(Y45),IF(ISBLANK(W45),IF(ISBLANK(U45),0,1),2),3),4),5),6)
C46: 0 | E46: 1 | G46: 2 | I46: 3 | K46: 4 | M46: 5 | O46: 6 | S46: 0 | U46: 1 | W46: 2 | Y46: 3 | AA46: 4 | AC46: 5 | AE46: 6
B49: Body | R49: Alcohol
C50: X | Q50: =IF(ISBLANK(O50),IF(ISBLANK(M50),IF(ISBLANK(K50),IF(ISBLANK(I50),IF(ISBLANK(G50),IF(ISBLANK(E50),0,1),2),3),4),5),6) | S50: X | AG50: =IF(ISBLANK(AE50),IF(ISBLANK(AC50),IF(ISBLANK(AA50),IF(ISBLANK(Y50),IF(ISBLANK(W50),IF(ISBLANK(U50),0,1),2),3),4),5),6)
C51: 0 | E51: 1 | G51: 2 | I51: 3 | K51: 4 | M51: 5 | O51: 6 | S51: 0 | U51: 1 | W51: 2 | Y51: 3 | AA51: 4 | AC51: 5 | AE51: 6
B53: Bitterness | R53: Sweetness
C54: X | Q54: =IF(ISBLANK(O54),IF(ISBLANK(M54),IF(ISBLANK(K54),IF(ISBLANK(I54),IF(ISBLANK(G54),IF(ISBLANK(E54),0,1),2),3),4),5),6) | AA54: X | AG54: =IF(ISBLANK(AE54),IF(ISBLANK(AC54),IF(ISBLANK(AA54),IF(ISBLANK(Y54),IF(ISBLANK(W54),IF(ISBLANK(U54),0,1),2),3),4),5),6)
C55: 0 | E55: 1 | G55: 2 | I55: 3 | K55: 4 | M55: 5 | O55: 6 | S55: 0 | U55: 1 | W55: 2 | Y55: 3 | AA55: 4 | AC55: 5 | AE55: 6
B57: Carbonation | R57: Acidity/sourness
C58: X | Q58: =IF(ISBLANK(O58),IF(ISBLANK(M58),IF(ISBLANK(K58),IF(ISBLANK(I58),IF(ISBLANK(G58),IF(ISBLANK(E58),0,1),2),3),4),5),6) | S58: X | AG58: =IF(ISBLANK(AE58),IF(ISBLANK(AC58),IF(ISBLANK(AA58),IF(ISBLANK(Y58),IF(ISBLANK(W58),IF(ISBLANK(U58),0,1),2),3),4),5),6)
C59: 0 | E59: 1 | G59: 2 | I59: 3 | K59: 4 | M59: 5 | O59: 6 | S59: 0 | U59: 1 | W59: 2 | Y59: 3 | AA59: 4 | AC59: 5 | AE59: 6
B61: Aftertaste
C62: X | Q62: =IF(ISBLANK(O62),IF(ISBLANK(M62),IF(ISBLANK(K62),IF(ISBLANK(I62),IF(ISBLANK(G62),IF(ISBLANK(E62),0,1),2),3),4),5),6) | AG62: =IF(ISBLANK(AE62),IF(ISBLANK(AC62),IF(ISBLANK(AA62),IF(ISBLANK(Y62),IF(ISBLANK(W62),IF(ISBLANK(U62),0,1),2),3),4),5),6)
C63: 0 | E63: 1 | G63: 2 | I63: 3 | K63: 4 | M63: 5 | O63: 6
B66: Faults
B67: DMS (cooked cabbage, corn) | R67: Trans-2-nonenal (wet cardboard, old attic, papery)
E68: X | Q68: =IF(ISBLANK(O68),IF(ISBLANK(M68),IF(ISBLANK(K68),IF(ISBLANK(I68),IF(ISBLANK(G68),IF(ISBLANK(E68),0,1),2),3),4),5),6) | AC68: X | AG68: =IF(ISBLANK(AE68),IF(ISBLANK(AC68),IF(ISBLANK(AA68),IF(ISBLANK(Y68),IF(ISBLANK(W68),IF(ISBLANK(U68),0,1),2),3),4),5),6)
C69: 0 | E69: 1 | G69: 2 | I69: 3 | K69: 4 | M69: 5 | O69: 6 | S69: 0 | U69: 1 | W69: 2 | Y69: 3 | AA69: 4 | AC69: 5 | AE69: 6
B71: Metallic | R71: Diacetyl (buttery, caramel/butterscotch)
C72: X | Q72: =IF(ISBLANK(O72),IF(ISBLANK(M72),IF(ISBLANK(K72),IF(ISBLANK(I72),IF(ISBLANK(G72),IF(ISBLANK(E72),0,1),2),3),4),5),6) | Y72: X | AG72: =IF(ISBLANK(AE72),IF(ISBLANK(AC72),IF(ISBLANK(AA72),IF(ISBLANK(Y72),IF(ISBLANK(W72),IF(ISBLANK(U72),0,1),2),3),4),5),6)
C73: 0 | E73: 1 | G73: 2 | I73: 3 | K73: 4 | M73: 5 | O73: 6 | S73: 0 | U73: 1 | W73: 2 | Y73: 3 | AA73: 4 | AC73: 5 | AE73: 6
B75: 4VG (smoky, clove, medicinal, dentist) | R75: Stale hops (cheesy, roquefort)
C76: X | Q76: =IF(ISBLANK(O76),IF(ISBLANK(M76),IF(ISBLANK(K76),IF(ISBLANK(I76),IF(ISBLANK(G76),IF(ISBLANK(E76),0,1),2),3),4),5),6) | S76: X | AG76: =IF(ISBLANK(AE76),IF(ISBLANK(AC76),IF(ISBLANK(AA76),IF(ISBLANK(Y76),IF(ISBLANK(W76),IF(ISBLANK(U76),0,1),2),3),4),5),6)
C77: 0 | E77: 1 | G77: 2 | I77: 3 | K77: 4 | M77: 5 | O77: 6 | S77: 0 | U77: 1 | W77: 2 | Y77: 3 | AA77: 4 | AC77: 5 | AE77: 6
B80: Spiced beers | R80: Lambic/Geuze
B81: Orange | R81: Lactic acid
M82: X | Q82: =IF(ISBLANK(O82),IF(ISBLANK(M82),IF(ISBLANK(K82),IF(ISBLANK(I82),IF(ISBLANK(G82),IF(ISBLANK(E82),0,1),2),3),4),5),6) | S82: X | AG82: =IF(ISBLANK(AE82),IF(ISBLANK(AC82),IF(ISBLANK(AA82),IF(ISBLANK(Y82),IF(ISBLANK(W82),IF(ISBLANK(U82),0,1),2),3),4),5),6)
C83: 0 | E83: 1 | G83: 2 | I83: 3 | K83: 4 | M83: 5 | O83: 6 | S83: 0 | U83: 1 | W83: 2 | Y83: 3 | AA83: 4 | AC83: 5 | AE83: 6
B85: Coriander | R85: Acetic acid
E86: X | Q86: =IF(ISBLANK(O86),IF(ISBLANK(M86),IF(ISBLANK(K86),IF(ISBLANK(I86),IF(ISBLANK(G86),IF(ISBLANK(E86),0,1),2),3),4),5),6) | S86: X | AG86: =IF(ISBLANK(AE86),IF(ISBLANK(AC86),IF(ISBLANK(AA86),IF(ISBLANK(Y86),IF(ISBLANK(W86),IF(ISBLANK(U86),0,1),2),3),4),5),6)
C87: 0 | E87: 1 | G87: 2 | I87: 3 | K87: 4 | M87: 5 | O87: 6 | S87: 0 | U87: 1 | W87: 2 | Y87: 3 | AA87: 4 | AC87: 5 | AE87: 6
B89: Clove/anise | R89: Barnyard/horsey
E90: X | Q90: =IF(ISBLANK(O90),IF(ISBLANK(M90),IF(ISBLANK(K90),IF(ISBLANK(I90),IF(ISBLANK(G90),IF(ISBLANK(E90),0,1),2),3),4),5),6) | S90: X | AG90: =IF(ISBLANK(AE90),IF(ISBLANK(AC90),IF(ISBLANK(AA90),IF(ISBLANK(Y90),IF(ISBLANK(W90),IF(ISBLANK(U90),0,1),2),3),4),5),6)
C91: 0 | E91: 1 | G91: 2 | I91: 3 | K91: 4 | M91: 5 | O91: 6 | S91: 0 | U91: 1 | W91: 2 | Y91: 3 | AA91: 4 | AC91: 5 | AE91: 6
B93: Overall | R93: Comments:
C94: X | Q94: =IF(ISBLANK(O94),IF(ISBLANK(M94),IF(ISBLANK(K94),IF(ISBLANK(I94),IF(ISBLANK(G94),IF(ISBLANK(E94),0,1),2),3),4),5),6) | AG94: =IF(ISBLANK(AE94),IF(ISBLANK(AC94),IF(ISBLANK(AA94),IF(ISBLANK(Y94),IF(ISBLANK(W94),IF(ISBLANK(U94),0,1),2),3),4),5),6)
C95: 0 | E95: 1 | G95: 2 | I95: 3 | K95: 4 | M95: 5 | O95: 6 | S95: 相对评分（基于折外预测，非原始品评分）。预测支持度C档（参考分）：A_malt_grain, A_hops_woody, A_esters_isoaa, A_esters_flower, A_esters_fruity, F_malt_grain, F_esters_flower, diacetyl, dms, metallic, stale_hops, orange, clove, barnyard
E97: Not present
C98: 0
E100: Predominant/overwhelming
C101: 6

Sheet beer_3
B1: Date
B3: Name: | R3: Beer#: | S3: 3
B5: Aroma | R5: Flavour
B6: Malt | R6: Malt
E7: X | Q7: =IF(ISBLANK(O7),IF(ISBLANK(M7),IF(ISBLANK(K7),IF(ISBLANK(I7),IF(ISBLANK(G7),IF(ISBLANK(E7),0,1),2),3),4),5),6) | W7: X | AG7: =IF(ISBLANK(AE7),IF(ISBLANK(AC7),IF(ISBLANK(AA7),IF(ISBLANK(Y7),IF(ISBLANK(W7),IF(ISBLANK(U7),0,1),2),3),4),5),6)
C8: 0 | E8: 1 | G8: 2 | I8: 3 | K8: 4 | M8: 5 | O8: 6 | S8: 0 | U8: 1 | W8: 2 | Y8: 3 | AA8: 4 | AC8: 5 | AE8: 6
E10: Cereals, flour, grains | Q10: =IF(ISBLANK(C10),0,Q7) | U10: Cereals, flour, grains | AG10: =IF(ISBLANK(S10),0,AG7)
E12: Bread crust | Q12: =IF(ISBLANK(C12),0,Q7) | U12: Bread crust | AG12: =IF(ISBLANK(S12),0,AG7)
E14: Caramel | Q14: =IF(ISBLANK(C14),0,Q7) | U14: Caramel | AG14: =IF(ISBLANK(S14),0,AG7)
E16: Smoked, burnt toast | Q16: =IF(ISBLANK(C16),0,Q7) | U16: Smoked, burnt toast | AG16: =IF(ISBLANK(S16),0,AG7)
B19: Hops | R19: Hops
I20: X | Q20: =IF(ISBLANK(O20),IF(ISBLANK(M20),IF(ISBLANK(K20),IF(ISBLANK(I20),IF(ISBLANK(G20),IF(ISBLANK(E20),0,1),2),3),4),5),6) | W20: X | AG20: =IF(ISBLANK(AE20),IF(ISBLANK(AC20),IF(ISBLANK(AA20),IF(ISBLANK(Y20),IF(ISBLANK(W20),IF(ISBLANK(U20),0,1),2),3),4),5),6)
C21: 0 | E21: 1 | G21: 2 | I21: 3 | K21: 4 | M21: 5 | O21: 6 | S21: 0 | U21: 1 | W21: 2 | Y21: 3 | AA21: 4 | AC21: 5 | AE21: 6
E23: Citrus | Q23: =IF(ISBLANK(C23),0,Q20) | S23: X | U23: Citrus | AG23: =IF(ISBLANK(S23),0,AG20)
E25: Tropical fruit | Q25: =IF(ISBLANK(C25),0,Q20) | U25: Tropical fruit | AG25: =IF(ISBLANK(S25),0,AG20)
E27: Noble hops (dried herbs, dried grass, hay) | Q27: =IF(ISBLANK(C27),0,Q20) | U27: Noble hops (dried herbs, dried grass, hay) | AG27: =IF(ISBLANK(S27),0,AG20)
E29: Pine, woody, resinous | Q29: =IF(ISBLANK(C29),0,Q20) | U29: Pine, woody, resinous | AG29: =IF(ISBLANK(S29),0,AG20)
B32: Esters | R32: Esters
I33: X | Q33: =IF(ISBLANK(O33),IF(ISBLANK(M33),IF(ISBLANK(K33),IF(ISBLANK(I33),IF(ISBLANK(G33),IF(ISBLANK(E33),0,1),2),3),4),5),6) | Y33: X | AG33: =IF(ISBLANK(AE33),IF(ISBLANK(AC33),IF(ISBLANK(AA33),IF(ISBLANK(Y33),IF(ISBLANK(W33),IF(ISBLANK(U33),0,1),2),3),4),5),6)
C34: 0 | E34: 1 | G34: 2 | I34: 3 | K34: 4 | M34: 5 | O34: 6 | S34: 0 | U34: 1 | W34: 2 | Y34: 3 | AA34: 4 | AC34: 5 | AE34: 6
E36: Ethyl acetate, solvent, nail polish | Q36: =IF(ISBLANK(C36),0,Q33) | U36: Ethyl acetate, solvent, nail polish | AG36: =IF(ISBLANK(S36),0,AG33)
E38: Banana, pear, candy | Q38: =IF(ISBLANK(C38),0,Q33) | U38: Banana, pear, candy | AG38: =IF(ISBLANK(S38),0,AG33)
E40: Flowers, roses | Q40: =IF(ISBLANK(C40),0,Q33) | S40: X | U40: Flowers, roses | AG40: =IF(ISBLANK(S40),0,AG33)
E42: Sweet, fruity, apples | Q42: =IF(ISBLANK(C42),0,Q33) | U42: Sweet, fruity, apples | AG42: =IF(ISBLANK(S42),0,AG33)
B44: Acetaldehyde (green apples, peel) | R44: Acetaldehyde (green apples, peel)
Q45: =IF(ISBLANK(O45),IF(ISBLANK(M45),IF(ISBLANK(K45),IF(ISBLANK(I45),IF(ISBLANK(G45),IF(ISBLANK(E45),0,1),2),3),4),5),6) | AG45: =IF(ISBLANK(AE45),IF(ISBLANK(AC45),IF(ISBLANK(AA45),IF(ISBLANK(Y45),IF(ISBLANK(W45),IF(ISBLANK(U45),0,1),2),3),4),5),6)
C46: 0 | E46: 1 | G46: 2 | I46: 3 | K46: 4 | M46: 5 | O46: 6 | S46: 0 | U46: 1 | W46: 2 | Y46: 3 | AA46: 4 | AC46: 5 | AE46: 6
B49: Body | R49: Alcohol
I50: X | Q50: =IF(ISBLANK(O50),IF(ISBLANK(M50),IF(ISBLANK(K50),IF(ISBLANK(I50),IF(ISBLANK(G50),IF(ISBLANK(E50),0,1),2),3),4),5),6) | Y50: X | AG50: =IF(ISBLANK(AE50),IF(ISBLANK(AC50),IF(ISBLANK(AA50),IF(ISBLANK(Y50),IF(ISBLANK(W50),IF(ISBLANK(U50),0,1),2),3),4),5),6)
C51: 0 | E51: 1 | G51: 2 | I51: 3 | K51: 4 | M51: 5 | O51: 6 | S51: 0 | U51: 1 | W51: 2 | Y51: 3 | AA51: 4 | AC51: 5 | AE51: 6
B53: Bitterness | R53: Sweetness
I54: X | Q54: =IF(ISBLANK(O54),IF(ISBLANK(M54),IF(ISBLANK(K54),IF(ISBLANK(I54),IF(ISBLANK(G54),IF(ISBLANK(E54),0,1),2),3),4),5),6) | W54: X | AG54: =IF(ISBLANK(AE54),IF(ISBLANK(AC54),IF(ISBLANK(AA54),IF(ISBLANK(Y54),IF(ISBLANK(W54),IF(ISBLANK(U54),0,1),2),3),4),5),6)
C55: 0 | E55: 1 | G55: 2 | I55: 3 | K55: 4 | M55: 5 | O55: 6 | S55: 0 | U55: 1 | W55: 2 | Y55: 3 | AA55: 4 | AC55: 5 | AE55: 6
B57: Carbonation | R57: Acidity/sourness
I58: X | Q58: =IF(ISBLANK(O58),IF(ISBLANK(M58),IF(ISBLANK(K58),IF(ISBLANK(I58),IF(ISBLANK(G58),IF(ISBLANK(E58),0,1),2),3),4),5),6) | U58: X | AG58: =IF(ISBLANK(AE58),IF(ISBLANK(AC58),IF(ISBLANK(AA58),IF(ISBLANK(Y58),IF(ISBLANK(W58),IF(ISBLANK(U58),0,1),2),3),4),5),6)
C59: 0 | E59: 1 | G59: 2 | I59: 3 | K59: 4 | M59: 5 | O59: 6 | S59: 0 | U59: 1 | W59: 2 | Y59: 3 | AA59: 4 | AC59: 5 | AE59: 6
B61: Aftertaste
G62: X | Q62: =IF(ISBLANK(O62),IF(ISBLANK(M62),IF(ISBLANK(K62),IF(ISBLANK(I62),IF(ISBLANK(G62),IF(ISBLANK(E62),0,1),2),3),4),5),6) | AG62: =IF(ISBLANK(AE62),IF(ISBLANK(AC62),IF(ISBLANK(AA62),IF(ISBLANK(Y62),IF(ISBLANK(W62),IF(ISBLANK(U62),0,1),2),3),4),5),6)
C63: 0 | E63: 1 | G63: 2 | I63: 3 | K63: 4 | M63: 5 | O63: 6
B66: Faults
B67: DMS (cooked cabbage, corn) | R67: Trans-2-nonenal (wet cardboard, old attic, papery)
M68: X | Q68: =IF(ISBLANK(O68),IF(ISBLANK(M68),IF(ISBLANK(K68),IF(ISBLANK(I68),IF(ISBLANK(G68),IF(ISBLANK(E68),0,1),2),3),4),5),6) | AA68: X | AG68: =IF(ISBLANK(AE68),IF(ISBLANK(AC68),IF(ISBLANK(AA68),IF(ISBLANK(Y68),IF(ISBLANK(W68),IF(ISBLANK(U68),0,1),2),3),4),5),6)
C69: 0 | E69: 1 | G69: 2 | I69: 3 | K69: 4 | M69: 5 | O69: 6 | S69: 0 | U69: 1 | W69: 2 | Y69: 3 | AA69: 4 | AC69: 5 | AE69: 6
B71: Metallic | R71: Diacetyl (buttery, caramel/butterscotch)
O72: X | Q72: =IF(ISBLANK(O72),IF(ISBLANK(M72),IF(ISBLANK(K72),IF(ISBLANK(I72),IF(ISBLANK(G72),IF(ISBLANK(E72),0,1),2),3),4),5),6) | AC72: X | AG72: =IF(ISBLANK(AE72),IF(ISBLANK(AC72),IF(ISBLANK(AA72),IF(ISBLANK(Y72),IF(ISBLANK(W72),IF(ISBLANK(U72),0,1),2),3),4),5),6)
C73: 0 | E73: 1 | G73: 2 | I73: 3 | K73: 4 | M73: 5 | O73: 6 | S73: 0 | U73: 1 | W73: 2 | Y73: 3 | AA73: 4 | AC73: 5 | AE73: 6
B75: 4VG (smoky, clove, medicinal, dentist) | R75: Stale hops (cheesy, roquefort)
M76: X | Q76: =IF(ISBLANK(O76),IF(ISBLANK(M76),IF(ISBLANK(K76),IF(ISBLANK(I76),IF(ISBLANK(G76),IF(ISBLANK(E76),0,1),2),3),4),5),6) | S76: X | AG76: =IF(ISBLANK(AE76),IF(ISBLANK(AC76),IF(ISBLANK(AA76),IF(ISBLANK(Y76),IF(ISBLANK(W76),IF(ISBLANK(U76),0,1),2),3),4),5),6)
C77: 0 | E77: 1 | G77: 2 | I77: 3 | K77: 4 | M77: 5 | O77: 6 | S77: 0 | U77: 1 | W77: 2 | Y77: 3 | AA77: 4 | AC77: 5 | AE77: 6
B80: Spiced beers | R80: Lambic/Geuze
B81: Orange | R81: Lactic acid
E82: X | Q82: =IF(ISBLANK(O82),IF(ISBLANK(M82),IF(ISBLANK(K82),IF(ISBLANK(I82),IF(ISBLANK(G82),IF(ISBLANK(E82),0,1),2),3),4),5),6) | S82: X | AG82: =IF(ISBLANK(AE82),IF(ISBLANK(AC82),IF(ISBLANK(AA82),IF(ISBLANK(Y82),IF(ISBLANK(W82),IF(ISBLANK(U82),0,1),2),3),4),5),6)
C83: 0 | E83: 1 | G83: 2 | I83: 3 | K83: 4 | M83: 5 | O83: 6 | S83: 0 | U83: 1 | W83: 2 | Y83: 3 | AA83: 4 | AC83: 5 | AE83: 6
B85: Coriander | R85: Acetic acid
G86: X | Q86: =IF(ISBLANK(O86),IF(ISBLANK(M86),IF(ISBLANK(K86),IF(ISBLANK(I86),IF(ISBLANK(G86),IF(ISBLANK(E86),0,1),2),3),4),5),6) | S86: X | AG86: =IF(ISBLANK(AE86),IF(ISBLANK(AC86),IF(ISBLANK(AA86),IF(ISBLANK(Y86),IF(ISBLANK(W86),IF(ISBLANK(U86),0,1),2),3),4),5),6)
C87: 0 | E87: 1 | G87: 2 | I87: 3 | K87: 4 | M87: 5 | O87: 6 | S87: 0 | U87: 1 | W87: 2 | Y87: 3 | AA87: 4 | AC87: 5 | AE87: 6
B89: Clove/anise | R89: Barnyard/horsey
G90: X | Q90: =IF(ISBLANK(O90),IF(ISBLANK(M90),IF(ISBLANK(K90),IF(ISBLANK(I90),IF(ISBLANK(G90),IF(ISBLANK(E90),0,1),2),3),4),5),6) | U90: X | AG90: =IF(ISBLANK(AE90),IF(ISBLANK(AC90),IF(ISBLANK(AA90),IF(ISBLANK(Y90),IF(ISBLANK(W90),IF(ISBLANK(U90),0,1),2),3),4),5),6)
C91: 0 | E91: 1 | G91: 2 | I91: 3 | K91: 4 | M91: 5 | O91: 6 | S91: 0 | U91: 1 | W91: 2 | Y91: 3 | AA91: 4 | AC91: 5 | AE91: 6
B93: Overall | R93: Comments:
K94: X | Q94: =IF(ISBLANK(O94),IF(ISBLANK(M94),IF(ISBLANK(K94),IF(ISBLANK(I94),IF(ISBLANK(G94),IF(ISBLANK(E94),0,1),2),3),4),5),6) | AG94: =IF(ISBLANK(AE94),IF(ISBLANK(AC94),IF(ISBLANK(AA94),IF(ISBLANK(Y94),IF(ISBLANK(W94),IF(ISBLANK(U94),0,1),2),3),4),5),6)
C95: 0 | E95: 1 | G95: 2 | I95: 3 | K95: 4 | M95: 5 | O95: 6 | S95: 相对评分（基于折外预测，非原始品评分）。预测支持度C档（参考分）：A_malt_grain, A_hops_woody, A_esters_isoaa, A_esters_flower, A_esters_fruity, F_malt_grain, F_esters_flower, diacetyl, dms, metallic, stale_hops, orange, clove, barnyard
E97: Not present
C98: 0
E100: Predominant/overwhelming
C101: 6

Sheet beer_4
B1: Date
B3: Name: | R3: Beer#: | S3: 4
B5: Aroma | R5: Flavour
B6: Malt | R6: Malt
M7: X | Q7: =IF(ISBLANK(O7),IF(ISBLANK(M7),IF(ISBLANK(K7),IF(ISBLANK(I7),IF(ISBLANK(G7),IF(ISBLANK(E7),0,1),2),3),4),5),6) | AE7: X | AG7: =IF(ISBLANK(AE7),IF(ISBLANK(AC7),IF(ISBLANK(AA7),IF(ISBLANK(Y7),IF(ISBLANK(W7),IF(ISBLANK(U7),0,1),2),3),4),5),6)
C8: 0 | E8: 1 | G8: 2 | I8: 3 | K8: 4 | M8: 5 | O8: 6 | S8: 0 | U8: 1 | W8: 2 | Y8: 3 | AA8: 4 | AC8: 5 | AE8: 6
C10: X | E10: Cereals, flour, grains | Q10: =IF(ISBLANK(C10),0,Q7) | S10: X | U10: Cereals, flour, grains | AG10: =IF(ISBLANK(S10),0,AG7)
C12: X | E12: Bread crust | Q12: =IF(ISBLANK(C12),0,Q7) | S12: X | U12: Bread crust | AG12: =IF(ISBLANK(S12),0,AG7)
C14: X | E14: Caramel | Q14: =IF(ISBLANK(C14),0,Q7) | S14: X | U14: Caramel | AG14: =IF(ISBLANK(S14),0,AG7)
C16: X | E16: Smoked, burnt toast | Q16: =IF(ISBLANK(C16),0,Q7) | S16: X | U16: Smoked, burnt toast | AG16: =IF(ISBLANK(S16),0,AG7)
B19: Hops | R19: Hops
I20: X | Q20: =IF(ISBLANK(O20),IF(ISBLANK(M20),IF(ISBLANK(K20),IF(ISBLANK(I20),IF(ISBLANK(G20),IF(ISBLANK(E20),0,1),2),3),4),5),6) | AA20: X | AG20: =IF(ISBLANK(AE20),IF(ISBLANK(AC20),IF(ISBLANK(AA20),IF(ISBLANK(Y20),IF(ISBLANK(W20),IF(ISBLANK(U20),0,1),2),3),4),5),6)
C21: 0 | E21: 1 | G21: 2 | I21: 3 | K21: 4 | M21: 5 | O21: 6 | S21: 0 | U21: 1 | W21: 2 | Y21: 3 | AA21: 4 | AC21: 5 | AE21: 6
E23: Citrus | Q23: =IF(ISBLANK(C23),0,Q20) | U23: Citrus | AG23: =IF(ISBLANK(S23),0,AG20)
C25: X | E25: Tropical fruit | Q25: =IF(ISBLANK(C25),0,Q20) | S25: X | U25: Tropical fruit | AG25: =IF(ISBLANK(S25),0,AG20)
C27: X | E27: Noble hops (dried herbs, dried grass, hay) | Q27: =IF(ISBLANK(C27),0,Q20) | S27: X | U27: Noble hops (dried herbs, dried grass, hay) | AG27: =IF(ISBLANK(S27),0,AG20)
E29: Pine, woody, resinous | Q29: =IF(ISBLANK(C29),0,Q20) | S29: X | U29: Pine, woody, resinous | AG29: =IF(ISBLANK(S29),0,AG20)
B32: Esters | R32: Esters
O33: X | Q33: =IF(ISBLANK(O33),IF(ISBLANK(M33),IF(ISBLANK(K33),IF(ISBLANK(I33),IF(ISBLANK(G33),IF(ISBLANK(E33),0,1),2),3),4),5),6) | AE33: X | AG33: =IF(ISBLANK(AE33),IF(ISBLANK(AC33),IF(ISBLANK(AA33),IF(ISBLANK(Y33),IF(ISBLANK(W33),IF(ISBLANK(U33),0,1),2),3),4),5),6)
C34: 0 | E34: 1 | G34: 2 | I34: 3 | K34: 4 | M34: 5 | O34: 6 | S34: 0 | U34: 1 | W34: 2 | Y34: 3 | AA34: 4 | AC34: 5 | AE34: 6
C36: X | E36: Ethyl acetate, solvent, nail polish | Q36: =IF(ISBLANK(C36),0,Q33) | S36: X | U36: Ethyl acetate, solvent, nail polish | AG36: =IF(ISBLANK(S36),0,AG33)
C38: X | E38: Banana, pear, candy | Q38: =IF(ISBLANK(C38),0,Q33) | S38: X | U38: Banana, pear, candy | AG38: =IF(ISBLANK(S38),0,AG33)
C40: X | E40: Flowers, roses | Q40: =IF(ISBLANK(C40),0,Q33) | S40: X | U40: Flowers, roses | AG40: =IF(ISBLANK(S40),0,AG33)
C42: X | E42: Sweet, fruity, apples | Q42: =IF(ISBLANK(C42),0,Q33) | S42: X | U42: Sweet, fruity, apples | AG42: =IF(ISBLANK(S42),0,AG33)
B44: Acetaldehyde (green apples, peel) | R44: Acetaldehyde (green apples, peel)
Q45: =IF(ISBLANK(O45),IF(ISBLANK(M45),IF(ISBLANK(K45),IF(ISBLANK(I45),IF(ISBLANK(G45),IF(ISBLANK(E45),0,1),2),3),4),5),6) | AG45: =IF(ISBLANK(AE45),IF(ISBLANK(AC45),IF(ISBLANK(AA45),IF(ISBLANK(Y45),IF(ISBLANK(W45),IF(ISBLANK(U45),0,1),2),3),4),5),6)
C46: 0 | E46: 1 | G46: 2 | I46: 3 | K46: 4 | M46: 5 | O46: 6 | S46: 0 | U46: 1 | W46: 2 | Y46: 3 | AA46: 4 | AC46: 5 | AE46: 6
B49: Body | R49: Alcohol
O50: X | Q50: =IF(ISBLANK(O50),IF(ISBLANK(M50),IF(ISBLANK(K50),IF(ISBLANK(I50),IF(ISBLANK(G50),IF(ISBLANK(E50),0,1),2),3),4),5),6) | AE50: X | AG50: =IF(ISBLANK(AE50),IF(ISBLANK(AC50),IF(ISBLANK(AA50),IF(ISBLANK(Y50),IF(ISBLANK(W50),IF(ISBLANK(U50),0,1),2),3),4),5),6)
C51: 0 | E51: 1 | G51: 2 | I51: 3 | K51: 4 | M51: 5 | O51: 6 | S51: 0 | U51: 1 | W51: 2 | Y51: 3 | AA51: 4 | AC51: 5 | AE51: 6
B53: Bitterness | R53: Sweetness
K54: X | Q54: =IF(ISBLANK(O54),IF(ISBLANK(M54),IF(ISBLANK(K54),IF(ISBLANK(I54),IF(ISBLANK(G54),IF(ISBLANK(E54),0,1),2),3),4),5),6) | Y54: X | AG54: =IF(ISBLANK(AE54),IF(ISBLANK(AC54),IF(ISBLANK(AA54),IF(ISBLANK(Y54),IF(ISBLANK(W54),IF(ISBLANK(U54),0,1),2),3),4),5),6)
C55: 0 | E55: 1 | G55: 2 | I55: 3 | K55: 4 | M55: 5 | O55: 6 | S55: 0 | U55: 1 | W55: 2 | Y55: 3 | AA55: 4 | AC55: 5 | AE55: 6
B57: Carbonation | R57: Acidity/sourness
O58: X | Q58: =IF(ISBLANK(O58),IF(ISBLANK(M58),IF(ISBLANK(K58),IF(ISBLANK(I58),IF(ISBLANK(G58),IF(ISBLANK(E58),0,1),2),3),4),5),6) | S58: X | AG58: =IF(ISBLANK(AE58),IF(ISBLANK(AC58),IF(ISBLANK(AA58),IF(ISBLANK(Y58),IF(ISBLANK(W58),IF(ISBLANK(U58),0,1),2),3),4),5),6)
C59: 0 | E59: 1 | G59: 2 | I59: 3 | K59: 4 | M59: 5 | O59: 6 | S59: 0 | U59: 1 | W59: 2 | Y59: 3 | AA59: 4 | AC59: 5 | AE59: 6
B61: Aftertaste
M62: X | Q62: =IF(ISBLANK(O62),IF(ISBLANK(M62),IF(ISBLANK(K62),IF(ISBLANK(I62),IF(ISBLANK(G62),IF(ISBLANK(E62),0,1),2),3),4),5),6) | AG62: =IF(ISBLANK(AE62),IF(ISBLANK(AC62),IF(ISBLANK(AA62),IF(ISBLANK(Y62),IF(ISBLANK(W62),IF(ISBLANK(U62),0,1),2),3),4),5),6)
C63: 0 | E63: 1 | G63: 2 | I63: 3 | K63: 4 | M63: 5 | O63: 6
B66: Faults
B67: DMS (cooked cabbage, corn) | R67: Trans-2-nonenal (wet cardboard, old attic, papery)
E68: X | Q68: =IF(ISBLANK(O68),IF(ISBLANK(M68),IF(ISBLANK(K68),IF(ISBLANK(I68),IF(ISBLANK(G68),IF(ISBLANK(E68),0,1),2),3),4),5),6) | S68: X | AG68: =IF(ISBLANK(AE68),IF(ISBLANK(AC68),IF(ISBLANK(AA68),IF(ISBLANK(Y68),IF(ISBLANK(W68),IF(ISBLANK(U68),0,1),2),3),4),5),6)
C69: 0 | E69: 1 | G69: 2 | I69: 3 | K69: 4 | M69: 5 | O69: 6 | S69: 0 | U69: 1 | W69: 2 | Y69: 3 | AA69: 4 | AC69: 5 | AE69: 6
B71: Metallic | R71: Diacetyl (buttery, caramel/butterscotch)
K72: X | Q72: =IF(ISBLANK(O72),IF(ISBLANK(M72),IF(ISBLANK(K72),IF(ISBLANK(I72),IF(ISBLANK(G72),IF(ISBLANK(E72),0,1),2),3),4),5),6) | Y72: X | AG72: =IF(ISBLANK(AE72),IF(ISBLANK(AC72),IF(ISBLANK(AA72),IF(ISBLANK(Y72),IF(ISBLANK(W72),IF(ISBLANK(U72),0,1),2),3),4),5),6)
C73: 0 | E73: 1 | G73: 2 | I73: 3 | K73: 4 | M73: 5 | O73: 6 | S73: 0 | U73: 1 | W73: 2 | Y73: 3 | AA73: 4 | AC73: 5 | AE73: 6
B75: 4VG (smoky, clove, medicinal, dentist) | R75: Stale hops (cheesy, roquefort)
K76: X | Q76: =IF(ISBLANK(O76),IF(ISBLANK(M76),IF(ISBLANK(K76),IF(ISBLANK(I76),IF(ISBLANK(G76),IF(ISBLANK(E76),0,1),2),3),4),5),6) | S76: X | AG76: =IF(ISBLANK(AE76),IF(ISBLANK(AC76),IF(ISBLANK(AA76),IF(ISBLANK(Y76),IF(ISBLANK(W76),IF(ISBLANK(U76),0,1),2),3),4),5),6)
C77: 0 | E77: 1 | G77: 2 | I77: 3 | K77: 4 | M77: 5 | O77: 6 | S77: 0 | U77: 1 | W77: 2 | Y77: 3 | AA77: 4 | AC77: 5 | AE77: 6
B80: Spiced beers | R80: Lambic/Geuze
B81: Orange | R81: Lactic acid
C82: X | Q82: =IF(ISBLANK(O82),IF(ISBLANK(M82),IF(ISBLANK(K82),IF(ISBLANK(I82),IF(ISBLANK(G82),IF(ISBLANK(E82),0,1),2),3),4),5),6) | S82: X | AG82: =IF(ISBLANK(AE82),IF(ISBLANK(AC82),IF(ISBLANK(AA82),IF(ISBLANK(Y82),IF(ISBLANK(W82),IF(ISBLANK(U82),0,1),2),3),4),5),6)
C83: 0 | E83: 1 | G83: 2 | I83: 3 | K83: 4 | M83: 5 | O83: 6 | S83: 0 | U83: 1 | W83: 2 | Y83: 3 | AA83: 4 | AC83: 5 | AE83: 6
B85: Coriander | R85: Acetic acid
C86: X | Q86: =IF(ISBLANK(O86),IF(ISBLANK(M86),IF(ISBLANK(K86),IF(ISBLANK(I86),IF(ISBLANK(G86),IF(ISBLANK(E86),0,1),2),3),4),5),6) | S86: X | AG86: =IF(ISBLANK(AE86),IF(ISBLANK(AC86),IF(ISBLANK(AA86),IF(ISBLANK(Y86),IF(ISBLANK(W86),IF(ISBLANK(U86),0,1),2),3),4),5),6)
C87: 0 | E87: 1 | G87: 2 | I87: 3 | K87: 4 | M87: 5 | O87: 6 | S87: 0 | U87: 1 | W87: 2 | Y87: 3 | AA87: 4 | AC87: 5 | AE87: 6
B89: Clove/anise | R89: Barnyard/horsey
K90: X | Q90: =IF(ISBLANK(O90),IF(ISBLANK(M90),IF(ISBLANK(K90),IF(ISBLANK(I90),IF(ISBLANK(G90),IF(ISBLANK(E90),0,1),2),3),4),5),6) | S90: X | AG90: =IF(ISBLANK(AE90),IF(ISBLANK(AC90),IF(ISBLANK(AA90),IF(ISBLANK(Y90),IF(ISBLANK(W90),IF(ISBLANK(U90),0,1),2),3),4),5),6)
C91: 0 | E91: 1 | G91: 2 | I91: 3 | K91: 4 | M91: 5 | O91: 6 | S91: 0 | U91: 1 | W91: 2 | Y91: 3 | AA91: 4 | AC91: 5 | AE91: 6
B93: Overall | R93: Comments:
O94: X | Q94: =IF(ISBLANK(O94),IF(ISBLANK(M94),IF(ISBLANK(K94),IF(ISBLANK(I94),IF(ISBLANK(G94),IF(ISBLANK(E94),0,1),2),3),4),5),6) | AG94: =IF(ISBLANK(AE94),IF(ISBLANK(AC94),IF(ISBLANK(AA94),IF(ISBLANK(Y94),IF(ISBLANK(W94),IF(ISBLANK(U94),0,1),2),3),4),5),6)
C95: 0 | E95: 1 | G95: 2 | I95: 3 | K95: 4 | M95: 5 | O95: 6 | S95: 相对评分（基于折外预测，非原始品评分）。预测支持度C档（参考分）：A_malt_grain, A_hops_woody, A_esters_isoaa, A_esters_flower, A_esters_fruity, F_malt_grain, F_esters_flower, diacetyl, dms, metallic, stale_hops, orange, clove, barnyard
E97: Not present
C98: 0
E100: Predominant/overwhelming
C101: 6

Sheet beer_5
B1: Date
B3: Name: | R3: Beer#: | S3: 5
B5: Aroma | R5: Flavour
B6: Malt | R6: Malt
E7: X | Q7: =IF(ISBLANK(O7),IF(ISBLANK(M7),IF(ISBLANK(K7),IF(ISBLANK(I7),IF(ISBLANK(G7),IF(ISBLANK(E7),0,1),2),3),4),5),6) | W7: X | AG7: =IF(ISBLANK(AE7),IF(ISBLANK(AC7),IF(ISBLANK(AA7),IF(ISBLANK(Y7),IF(ISBLANK(W7),IF(ISBLANK(U7),0,1),2),3),4),5),6)
C8: 0 | E8: 1 | G8: 2 | I8: 3 | K8: 4 | M8: 5 | O8: 6 | S8: 0 | U8: 1 | W8: 2 | Y8: 3 | AA8: 4 | AC8: 5 | AE8: 6
E10: Cereals, flour, grains | Q10: =IF(ISBLANK(C10),0,Q7) | U10: Cereals, flour, grains | AG10: =IF(ISBLANK(S10),0,AG7)
E12: Bread crust | Q12: =IF(ISBLANK(C12),0,Q7) | U12: Bread crust | AG12: =IF(ISBLANK(S12),0,AG7)
E14: Caramel | Q14: =IF(ISBLANK(C14),0,Q7) | U14: Caramel | AG14: =IF(ISBLANK(S14),0,AG7)
E16: Smoked, burnt toast | Q16: =IF(ISBLANK(C16),0,Q7) | U16: Smoked, burnt toast | AG16: =IF(ISBLANK(S16),0,AG7)
B19: Hops | R19: Hops
M20: X | Q20: =IF(ISBLANK(O20),IF(ISBLANK(M20),IF(ISBLANK(K20),IF(ISBLANK(I20),IF(ISBLANK(G20),IF(ISBLANK(E20),0,1),2),3),4),5),6) | AC20: X | AG20: =IF(ISBLANK(AE20),IF(ISBLANK(AC20),IF(ISBLANK(AA20),IF(ISBLANK(Y20),IF(ISBLANK(W20),IF(ISBLANK(U20),0,1),2),3),4),5),6)
C21: 0 | E21: 1 | G21: 2 | I21: 3 | K21: 4 | M21: 5 | O21: 6 | S21: 0 | U21: 1 | W21: 2 | Y21: 3 | AA21: 4 | AC21: 5 | AE21: 6
C23: X | E23: Citrus | Q23: =IF(ISBLANK(C23),0,Q20) | S23: X | U23: Citrus | AG23: =IF(ISBLANK(S23),0,AG20)
C25: X | E25: Tropical fruit | Q25: =IF(ISBLANK(C25),0,Q20) | S25: X | U25: Tropical fruit | AG25: =IF(ISBLANK(S25),0,AG20)
C27: X | E27: Noble hops (dried herbs, dried grass, hay) | Q27: =IF(ISBLANK(C27),0,Q20) | S27: X | U27: Noble hops (dried herbs, dried grass, hay) | AG27: =IF(ISBLANK(S27),0,AG20)
C29: X | E29: Pine, woody, resinous | Q29: =IF(ISBLANK(C29),0,Q20) | S29: X | U29: Pine, woody, resinous | AG29: =IF(ISBLANK(S29),0,AG20)
B32: Esters | R32: Esters
G33: X | Q33: =IF(ISBLANK(O33),IF(ISBLANK(M33),IF(ISBLANK(K33),IF(ISBLANK(I33),IF(ISBLANK(G33),IF(ISBLANK(E33),0,1),2),3),4),5),6) | W33: X | AG33: =IF(ISBLANK(AE33),IF(ISBLANK(AC33),IF(ISBLANK(AA33),IF(ISBLANK(Y33),IF(ISBLANK(W33),IF(ISBLANK(U33),0,1),2),3),4),5),6)
C34: 0 | E34: 1 | G34: 2 | I34: 3 | K34: 4 | M34: 5 | O34: 6 | S34: 0 | U34: 1 | W34: 2 | Y34: 3 | AA34: 4 | AC34: 5 | AE34: 6
E36: Ethyl acetate, solvent, nail polish | Q36: =IF(ISBLANK(C36),0,Q33) | U36: Ethyl acetate, solvent, nail polish | AG36: =IF(ISBLANK(S36),0,AG33)
E38: Banana, pear, candy | Q38: =IF(ISBLANK(C38),0,Q33) | U38: Banana, pear, candy | AG38: =IF(ISBLANK(S38),0,AG33)
E40: Flowers, roses | Q40: =IF(ISBLANK(C40),0,Q33) | U40: Flowers, roses | AG40: =IF(ISBLANK(S40),0,AG33)
E42: Sweet, fruity, apples | Q42: =IF(ISBLANK(C42),0,Q33) | U42: Sweet, fruity, apples | AG42: =IF(ISBLANK(S42),0,AG33)
B44: Acetaldehyde (green apples, peel) | R44: Acetaldehyde (green apples, peel)
Q45: =IF(ISBLANK(O45),IF(ISBLANK(M45),IF(ISBLANK(K45),IF(ISBLANK(I45),IF(ISBLANK(G45),IF(ISBLANK(E45),0,1),2),3),4),5),6) | AG45: =IF(ISBLANK(AE45),IF(ISBLANK(AC45),IF(ISBLANK(AA45),IF(ISBLANK(Y45),IF(ISBLANK(W45),IF(ISBLANK(U45),0,1),2),3),4),5),6)
C46: 0 | E46: 1 | G46: 2 | I46: 3 | K46: 4 | M46: 5 | O46: 6 | S46: 0 | U46: 1 | W46: 2 | Y46: 3 | AA46: 4 | AC46: 5 | AE46: 6
B49: Body | R49: Alcohol
I50: X | Q50: =IF(ISBLANK(O50),IF(ISBLANK(M50),IF(ISBLANK(K50),IF(ISBLANK(I50),IF(ISBLANK(G50),IF(ISBLANK(E50),0,1),2),3),4),5),6) | AA50: X | AG50: =IF(ISBLANK(AE50),IF(ISBLANK(AC50),IF(ISBLANK(AA50),IF(ISBLANK(Y50),IF(ISBLANK(W50),IF(ISBLANK(U50),0,1),2),3),4),5),6)
C51: 0 | E51: 1 | G51: 2 | I51: 3 | K51: 4 | M51: 5 | O51: 6 | S51: 0 | U51: 1 | W51: 2 | Y51: 3 | AA51: 4 | AC51: 5 | AE51: 6
B53: Bitterness | R53: Sweetness
O54: X | Q54: =IF(ISBLANK(O54),IF(ISBLANK(M54),IF(ISBLANK(K54),IF(ISBLANK(I54),IF(ISBLANK(G54),IF(ISBLANK(E54),0,1),2),3),4),5),6) | S54: X | AG54: =IF(ISBLANK(AE54),IF(ISBLANK(AC54),IF(ISBLANK(AA54),IF(ISBLANK(Y54),IF(ISBLANK(W54),IF(ISBLANK(U54),0,1),2),3),4),5),6)
C55: 0 | E55: 1 | G55: 2 | I55: 3 | K55: 4 | M55: 5 | O55: 6 | S55: 0 | U55: 1 | W55: 2 | Y55: 3 | AA55: 4 | AC55: 5 | AE55: 6
B57: Carbonation | R57: Acidity/sourness
K58: X | Q58: =IF(ISBLANK(O58),IF(ISBLANK(M58),IF(ISBLANK(K58),IF(ISBLANK(I58),IF(ISBLANK(G58),IF(ISBLANK(E58),0,1),2),3),4),5),6) | U58: X | AG58: =IF(ISBLANK(AE58),IF(ISBLANK(AC58),IF(ISBLANK(AA58),IF(ISBLANK(Y58),IF(ISBLANK(W58),IF(ISBLANK(U58),0,1),2),3),4),5),6)
C59: 0 | E59: 1 | G59: 2 | I59: 3 | K59: 4 | M59: 5 | O59: 6 | S59: 0 | U59: 1 | W59: 2 | Y59: 3 | AA59: 4 | AC59: 5 | AE59: 6
B61: Aftertaste
O62: X | Q62: =IF(ISBLANK(O62),IF(ISBLANK(M62),IF(ISBLANK(K62),IF(ISBLANK(I62),IF(ISBLANK(G62),IF(ISBLANK(E62),0,1),2),3),4),5),6) | AG62: =IF(ISBLANK(AE62),IF(ISBLANK(AC62),IF(ISBLANK(AA62),IF(ISBLANK(Y62),IF(ISBLANK(W62),IF(ISBLANK(U62),0,1),2),3),4),5),6)
C63: 0 | E63: 1 | G63: 2 | I63: 3 | K63: 4 | M63: 5 | O63: 6
B66: Faults
B67: DMS (cooked cabbage, corn) | R67: Trans-2-nonenal (wet cardboard, old attic, papery)
I68: X | Q68: =IF(ISBLANK(O68),IF(ISBLANK(M68),IF(ISBLANK(K68),IF(ISBLANK(I68),IF(ISBLANK(G68),IF(ISBLANK(E68),0,1),2),3),4),5),6) | S68: X | AG68: =IF(ISBLANK(AE68),IF(ISBLANK(AC68),IF(ISBLANK(AA68),IF(ISBLANK(Y68),IF(ISBLANK(W68),IF(ISBLANK(U68),0,1),2),3),4),5),6)
C69: 0 | E69: 1 | G69: 2 | I69: 3 | K69: 4 | M69: 5 | O69: 6 | S69: 0 | U69: 1 | W69: 2 | Y69: 3 | AA69: 4 | AC69: 5 | AE69: 6
B71: Metallic | R71: Diacetyl (buttery, caramel/butterscotch)
G72: X | Q72: =IF(ISBLANK(O72),IF(ISBLANK(M72),IF(ISBLANK(K72),IF(ISBLANK(I72),IF(ISBLANK(G72),IF(ISBLANK(E72),0,1),2),3),4),5),6) | U72: X | AG72: =IF(ISBLANK(AE72),IF(ISBLANK(AC72),IF(ISBLANK(AA72),IF(ISBLANK(Y72),IF(ISBLANK(W72),IF(ISBLANK(U72),0,1),2),3),4),5),6)
C73: 0 | E73: 1 | G73: 2 | I73: 3 | K73: 4 | M73: 5 | O73: 6 | S73: 0 | U73: 1 | W73: 2 | Y73: 3 | AA73: 4 | AC73: 5 | AE73: 6
B75: 4VG (smoky, clove, medicinal, dentist) | R75: Stale hops (cheesy, roquefort)
K76: X | Q76: =IF(ISBLANK(O76),IF(ISBLANK(M76),IF(ISBLANK(K76),IF(ISBLANK(I76),IF(ISBLANK(G76),IF(ISBLANK(E76),0,1),2),3),4),5),6) | AE76: X | AG76: =IF(ISBLANK(AE76),IF(ISBLANK(AC76),IF(ISBLANK(AA76),IF(ISBLANK(Y76),IF(ISBLANK(W76),IF(ISBLANK(U76),0,1),2),3),4),5),6)
C77: 0 | E77: 1 | G77: 2 | I77: 3 | K77: 4 | M77: 5 | O77: 6 | S77: 0 | U77: 1 | W77: 2 | Y77: 3 | AA77: 4 | AC77: 5 | AE77: 6
B80: Spiced beers | R80: Lambic/Geuze
B81: Orange | R81: Lactic acid
G82: X | Q82: =IF(ISBLANK(O82),IF(ISBLANK(M82),IF(ISBLANK(K82),IF(ISBLANK(I82),IF(ISBLANK(G82),IF(ISBLANK(E82),0,1),2),3),4),5),6) | S82: X | AG82: =IF(ISBLANK(AE82),IF(ISBLANK(AC82),IF(ISBLANK(AA82),IF(ISBLANK(Y82),IF(ISBLANK(W82),IF(ISBLANK(U82),0,1),2),3),4),5),6)
C83: 0 | E83: 1 | G83: 2 | I83: 3 | K83: 4 | M83: 5 | O83: 6 | S83: 0 | U83: 1 | W83: 2 | Y83: 3 | AA83: 4 | AC83: 5 | AE83: 6
B85: Coriander | R85: Acetic acid
G86: X | Q86: =IF(ISBLANK(O86),IF(ISBLANK(M86),IF(ISBLANK(K86),IF(ISBLANK(I86),IF(ISBLANK(G86),IF(ISBLANK(E86),0,1),2),3),4),5),6) | S86: X | AG86: =IF(ISBLANK(AE86),IF(ISBLANK(AC86),IF(ISBLANK(AA86),IF(ISBLANK(Y86),IF(ISBLANK(W86),IF(ISBLANK(U86),0,1),2),3),4),5),6)
C87: 0 | E87: 1 | G87: 2 | I87: 3 | K87: 4 | M87: 5 | O87: 6 | S87: 0 | U87: 1 | W87: 2 | Y87: 3 | AA87: 4 | AC87: 5 | AE87: 6
B89: Clove/anise | R89: Barnyard/horsey
E90: X | Q90: =IF(ISBLANK(O90),IF(ISBLANK(M90),IF(ISBLANK(K90),IF(ISBLANK(I90),IF(ISBLANK(G90),IF(ISBLANK(E90),0,1),2),3),4),5),6) | AE90: X | AG90: =IF(ISBLANK(AE90),IF(ISBLANK(AC90),IF(ISBLANK(AA90),IF(ISBLANK(Y90),IF(ISBLANK(W90),IF(ISBLANK(U90),0,1),2),3),4),5),6)
C91: 0 | E91: 1 | G91: 2 | I91: 3 | K91: 4 | M91: 5 | O91: 6 | S91: 0 | U91: 1 | W91: 2 | Y91: 3 | AA91: 4 | AC91: 5 | AE91: 6
B93: Overall | R93: Comments:
K94: X | Q94: =IF(ISBLANK(O94),IF(ISBLANK(M94),IF(ISBLANK(K94),IF(ISBLANK(I94),IF(ISBLANK(G94),IF(ISBLANK(E94),0,1),2),3),4),5),6) | AG94: =IF(ISBLANK(AE94),IF(ISBLANK(AC94),IF(ISBLANK(AA94),IF(ISBLANK(Y94),IF(ISBLANK(W94),IF(ISBLANK(U94),0,1),2),3),4),5),6)
C95: 0 | E95: 1 | G95: 2 | I95: 3 | K95: 4 | M95: 5 | O95: 6 | S95: 相对评分（基于折外预测，非原始品评分）。预测支持度C档（参考分）：A_malt_grain, A_hops_woody, A_esters_isoaa, A_esters_flower, A_esters_fruity, F_malt_grain, F_esters_flower, diacetyl, dms, metallic, stale_hops, orange, clove, barnyard
E97: Not present
C98: 0
E100: Predominant/overwhelming
C101: 6

Sheet beer_6
B1: Date
B3: Name: | R3: Beer#: | S3: 6
B5: Aroma | R5: Flavour
B6: Malt | R6: Malt
I7: X | Q7: =IF(ISBLANK(O7),IF(ISBLANK(M7),IF(ISBLANK(K7),IF(ISBLANK(I7),IF(ISBLANK(G7),IF(ISBLANK(E7),0,1),2),3),4),5),6) | AA7: X | AG7: =IF(ISBLANK(AE7),IF(ISBLANK(AC7),IF(ISBLANK(AA7),IF(ISBLANK(Y7),IF(ISBLANK(W7),IF(ISBLANK(U7),0,1),2),3),4),5),6)
C8: 0 | E8: 1 | G8: 2 | I8: 3 | K8: 4 | M8: 5 | O8: 6 | S8: 0 | U8: 1 | W8: 2 | Y8: 3 | AA8: 4 | AC8: 5 | AE8: 6
C10: X | E10: Cereals, flour, grains | Q10: =IF(ISBLANK(C10),0,Q7) | S10: X | U10: Cereals, flour, grains | AG10: =IF(ISBLANK(S10),0,AG7)
C12: X | E12: Bread crust | Q12: =IF(ISBLANK(C12),0,Q7) | S12: X | U12: Bread crust | AG12: =IF(ISBLANK(S12),0,AG7)
C14: X | E14: Caramel | Q14: =IF(ISBLANK(C14),0,Q7) | S14: X | U14: Caramel | AG14: =IF(ISBLANK(S14),0,AG7)
E16: Smoked, burnt toast | Q16: =IF(ISBLANK(C16),0,Q7) | S16: X | U16: Smoked, burnt toast | AG16: =IF(ISBLANK(S16),0,AG7)
B19: Hops | R19: Hops
I20: X | Q20: =IF(ISBLANK(O20),IF(ISBLANK(M20),IF(ISBLANK(K20),IF(ISBLANK(I20),IF(ISBLANK(G20),IF(ISBLANK(E20),0,1),2),3),4),5),6) | Y20: X | AG20: =IF(ISBLANK(AE20),IF(ISBLANK(AC20),IF(ISBLANK(AA20),IF(ISBLANK(Y20),IF(ISBLANK(W20),IF(ISBLANK(U20),0,1),2),3),4),5),6)
C21: 0 | E21: 1 | G21: 2 | I21: 3 | K21: 4 | M21: 5 | O21: 6 | S21: 0 | U21: 1 | W21: 2 | Y21: 3 | AA21: 4 | AC21: 5 | AE21: 6
E23: Citrus | Q23: =IF(ISBLANK(C23),0,Q20) | U23: Citrus | AG23: =IF(ISBLANK(S23),0,AG20)
E25: Tropical fruit | Q25: =IF(ISBLANK(C25),0,Q20) | U25: Tropical fruit | AG25: =IF(ISBLANK(S25),0,AG20)
C27: X | E27: Noble hops (dried herbs, dried grass, hay) | Q27: =IF(ISBLANK(C27),0,Q20) | S27: X | U27: Noble hops (dried herbs, dried grass, hay) | AG27: =IF(ISBLANK(S27),0,AG20)
E29: Pine, woody, resinous | Q29: =IF(ISBLANK(C29),0,Q20) | S29: X | U29: Pine, woody, resinous | AG29: =IF(ISBLANK(S29),0,AG20)
B32: Esters | R32: Esters
K33: X | Q33: =IF(ISBLANK(O33),IF(ISBLANK(M33),IF(ISBLANK(K33),IF(ISBLANK(I33),IF(ISBLANK(G33),IF(ISBLANK(E33),0,1),2),3),4),5),6) | AA33: X | AG33: =IF(ISBLANK(AE33),IF(ISBLANK(AC33),IF(ISBLANK(AA33),IF(ISBLANK(Y33),IF(ISBLANK(W33),IF(ISBLANK(U33),0,1),2),3),4),5),6)
C34: 0 | E34: 1 | G34: 2 | I34: 3 | K34: 4 | M34: 5 | O34: 6 | S34: 0 | U34: 1 | W34: 2 | Y34: 3 | AA34: 4 | AC34: 5 | AE34: 6
C36: X | E36: Ethyl acetate, solvent, nail polish | Q36: =IF(ISBLANK(C36),0,Q33) | S36: X | U36: Ethyl acetate, solvent, nail polish | AG36: =IF(ISBLANK(S36),0,AG33)
C38: X | E38: Banana, pear, candy | Q38: =IF(ISBLANK(C38),0,Q33) | S38: X | U38: Banana, pear, candy | AG38: =IF(ISBLANK(S38),0,AG33)
E40: Flowers, roses | Q40: =IF(ISBLANK(C40),0,Q33) | U40: Flowers, roses | AG40: =IF(ISBLANK(S40),0,AG33)
E42: Sweet, fruity, apples | Q42: =IF(ISBLANK(C42),0,Q33) | U42: Sweet, fruity, apples | AG42: =IF(ISBLANK(S42),0,AG33)
B44: Acetaldehyde (green apples, peel) | R44: Acetaldehyde (green apples, peel)
Q45: =IF(ISBLANK(O45),IF(ISBLANK(M45),IF(ISBLANK(K45),IF(ISBLANK(I45),IF(ISBLANK(G45),IF(ISBLANK(E45),0,1),2),3),4),5),6) | AG45: =IF(ISBLANK(AE45),IF(ISBLANK(AC45),IF(ISBLANK(AA45),IF(ISBLANK(Y45),IF(ISBLANK(W45),IF(ISBLANK(U45),0,1),2),3),4),5),6)
C46: 0 | E46: 1 | G46: 2 | I46: 3 | K46: 4 | M46: 5 | O46: 6 | S46: 0 | U46: 1 | W46: 2 | Y46: 3 | AA46: 4 | AC46: 5 | AE46: 6
B49: Body | R49: Alcohol
K50: X | Q50: =IF(ISBLANK(O50),IF(ISBLANK(M50),IF(ISBLANK(K50),IF(ISBLANK(I50),IF(ISBLANK(G50),IF(ISBLANK(E50),0,1),2),3),4),5),6) | AC50: X | AG50: =IF(ISBLANK(AE50),IF(ISBLANK(AC50),IF(ISBLANK(AA50),IF(ISBLANK(Y50),IF(ISBLANK(W50),IF(ISBLANK(U50),0,1),2),3),4),5),6)
C51: 0 | E51: 1 | G51: 2 | I51: 3 | K51: 4 | M51: 5 | O51: 6 | S51: 0 | U51: 1 | W51: 2 | Y51: 3 | AA51: 4 | AC51: 5 | AE51: 6
B53: Bitterness | R53: Sweetness
K54: X | Q54: =IF(ISBLANK(O54),IF(ISBLANK(M54),IF(ISBLANK(K54),IF(ISBLANK(I54),IF(ISBLANK(G54),IF(ISBLANK(E54),0,1),2),3),4),5),6) | W54: X | AG54: =IF(ISBLANK(AE54),IF(ISBLANK(AC54),IF(ISBLANK(AA54),IF(ISBLANK(Y54),IF(ISBLANK(W54),IF(ISBLANK(U54),0,1),2),3),4),5),6)
C55: 0 | E55: 1 | G55: 2 | I55: 3 | K55: 4 | M55: 5 | O55: 6 | S55: 0 | U55: 1 | W55: 2 | Y55: 3 | AA55: 4 | AC55: 5 | AE55: 6
B57: Carbonation | R57: Acidity/sourness
M58: X | Q58: =IF(ISBLANK(O58),IF(ISBLANK(M58),IF(ISBLANK(K58),IF(ISBLANK(I58),IF(ISBLANK(G58),IF(ISBLANK(E58),0,1),2),3),4),5),6) | S58: X | AG58: =IF(ISBLANK(AE58),IF(ISBLANK(AC58),IF(ISBLANK(AA58),IF(ISBLANK(Y58),IF(ISBLANK(W58),IF(ISBLANK(U58),0,1),2),3),4),5),6)
C59: 0 | E59: 1 | G59: 2 | I59: 3 | K59: 4 | M59: 5 | O59: 6 | S59: 0 | U59: 1 | W59: 2 | Y59: 3 | AA59: 4 | AC59: 5 | AE59: 6
B61: Aftertaste
K62: X | Q62: =IF(ISBLANK(O62),IF(ISBLANK(M62),IF(ISBLANK(K62),IF(ISBLANK(I62),IF(ISBLANK(G62),IF(ISBLANK(E62),0,1),2),3),4),5),6) | AG62: =IF(ISBLANK(AE62),IF(ISBLANK(AC62),IF(ISBLANK(AA62),IF(ISBLANK(Y62),IF(ISBLANK(W62),IF(ISBLANK(U62),0,1),2),3),4),5),6)
C63: 0 | E63: 1 | G63: 2 | I63: 3 | K63: 4 | M63: 5 | O63: 6
B66: Faults
B67: DMS (cooked cabbage, corn) | R67: Trans-2-nonenal (wet cardboard, old attic, papery)
I68: X | Q68: =IF(ISBLANK(O68),IF(ISBLANK(M68),IF(ISBLANK(K68),IF(ISBLANK(I68),IF(ISBLANK(G68),IF(ISBLANK(E68),0,1),2),3),4),5),6) | U68: X | AG68: =IF(ISBLANK(AE68),IF(ISBLANK(AC68),IF(ISBLANK(AA68),IF(ISBLANK(Y68),IF(ISBLANK(W68),IF(ISBLANK(U68),0,1),2),3),4),5),6)
C69: 0 | E69: 1 | G69: 2 | I69: 3 | K69: 4 | M69: 5 | O69: 6 | S69: 0 | U69: 1 | W69: 2 | Y69: 3 | AA69: 4 | AC69: 5 | AE69: 6
B71: Metallic | R71: Diacetyl (buttery, caramel/butterscotch)
K72: X | Q72: =IF(ISBLANK(O72),IF(ISBLANK(M72),IF(ISBLANK(K72),IF(ISBLANK(I72),IF(ISBLANK(G72),IF(ISBLANK(E72),0,1),2),3),4),5),6) | Y72: X | AG72: =IF(ISBLANK(AE72),IF(ISBLANK(AC72),IF(ISBLANK(AA72),IF(ISBLANK(Y72),IF(ISBLANK(W72),IF(ISBLANK(U72),0,1),2),3),4),5),6)
C73: 0 | E73: 1 | G73: 2 | I73: 3 | K73: 4 | M73: 5 | O73: 6 | S73: 0 | U73: 1 | W73: 2 | Y73: 3 | AA73: 4 | AC73: 5 | AE73: 6
B75: 4VG (smoky, clove, medicinal, dentist) | R75: Stale hops (cheesy, roquefort)
M76: X | Q76: =IF(ISBLANK(O76),IF(ISBLANK(M76),IF(ISBLANK(K76),IF(ISBLANK(I76),IF(ISBLANK(G76),IF(ISBLANK(E76),0,1),2),3),4),5),6) | Y76: X | AG76: =IF(ISBLANK(AE76),IF(ISBLANK(AC76),IF(ISBLANK(AA76),IF(ISBLANK(Y76),IF(ISBLANK(W76),IF(ISBLANK(U76),0,1),2),3),4),5),6)
C77: 0 | E77: 1 | G77: 2 | I77: 3 | K77: 4 | M77: 5 | O77: 6 | S77: 0 | U77: 1 | W77: 2 | Y77: 3 | AA77: 4 | AC77: 5 | AE77: 6
B80: Spiced beers | R80: Lambic/Geuze
B81: Orange | R81: Lactic acid
C82: X | Q82: =IF(ISBLANK(O82),IF(ISBLANK(M82),IF(ISBLANK(K82),IF(ISBLANK(I82),IF(ISBLANK(G82),IF(ISBLANK(E82),0,1),2),3),4),5),6) | S82: X | AG82: =IF(ISBLANK(AE82),IF(ISBLANK(AC82),IF(ISBLANK(AA82),IF(ISBLANK(Y82),IF(ISBLANK(W82),IF(ISBLANK(U82),0,1),2),3),4),5),6)
C83: 0 | E83: 1 | G83: 2 | I83: 3 | K83: 4 | M83: 5 | O83: 6 | S83: 0 | U83: 1 | W83: 2 | Y83: 3 | AA83: 4 | AC83: 5 | AE83: 6
B85: Coriander | R85: Acetic acid
E86: X | Q86: =IF(ISBLANK(O86),IF(ISBLANK(M86),IF(ISBLANK(K86),IF(ISBLANK(I86),IF(ISBLANK(G86),IF(ISBLANK(E86),0,1),2),3),4),5),6) | S86: X | AG86: =IF(ISBLANK(AE86),IF(ISBLANK(AC86),IF(ISBLANK(AA86),IF(ISBLANK(Y86),IF(ISBLANK(W86),IF(ISBLANK(U86),0,1),2),3),4),5),6)
C87: 0 | E87: 1 | G87: 2 | I87: 3 | K87: 4 | M87: 5 | O87: 6 | S87: 0 | U87: 1 | W87: 2 | Y87: 3 | AA87: 4 | AC87: 5 | AE87: 6
B89: Clove/anise | R89: Barnyard/horsey
I90: X | Q90: =IF(ISBLANK(O90),IF(ISBLANK(M90),IF(ISBLANK(K90),IF(ISBLANK(I90),IF(ISBLANK(G90),IF(ISBLANK(E90),0,1),2),3),4),5),6) | Y90: X | AG90: =IF(ISBLANK(AE90),IF(ISBLANK(AC90),IF(ISBLANK(AA90),IF(ISBLANK(Y90),IF(ISBLANK(W90),IF(ISBLANK(U90),0,1),2),3),4),5),6)
C91: 0 | E91: 1 | G91: 2 | I91: 3 | K91: 4 | M91: 5 | O91: 6 | S91: 0 | U91: 1 | W91: 2 | Y91: 3 | AA91: 4 | AC91: 5 | AE91: 6
B93: Overall | R93: Comments:
M94: X | Q94: =IF(ISBLANK(O94),IF(ISBLANK(M94),IF(ISBLANK(K94),IF(ISBLANK(I94),IF(ISBLANK(G94),IF(ISBLANK(E94),0,1),2),3),4),5),6) | AG94: =IF(ISBLANK(AE94),IF(ISBLANK(AC94),IF(ISBLANK(AA94),IF(ISBLANK(Y94),IF(ISBLANK(W94),IF(ISBLANK(U94),0,1),2),3),4),5),6)
C95: 0 | E95: 1 | G95: 2 | I95: 3 | K95: 4 | M95: 5 | O95: 6 | S95: 相对评分（基于折外预测，非原始品评分）。预测支持度C档（参考分）：A_malt_grain, A_hops_woody, A_esters_isoaa, A_esters_flower, A_esters_fruity, F_malt_grain, F_esters_flower, diacetyl, dms, metallic, stale_hops, orange, clove, barnyard
E97: Not present
C98: 0
E100: Predominant/overwhelming
C101: 6

Sheet beer_7
B1: Date
B3: Name: | R3: Beer#: | S3: 7
B5: Aroma | R5: Flavour
B6: Malt | R6: Malt
E7: X | Q7: =IF(ISBLANK(O7),IF(ISBLANK(M7),IF(ISBLANK(K7),IF(ISBLANK(I7),IF(ISBLANK(G7),IF(ISBLANK(E7),0,1),2),3),4),5),6) | U7: X | AG7: =IF(ISBLANK(AE7),IF(ISBLANK(AC7),IF(ISBLANK(AA7),IF(ISBLANK(Y7),IF(ISBLANK(W7),IF(ISBLANK(U7),0,1),2),3),4),5),6)
C8: 0 | E8: 1 | G8: 2 | I8: 3 | K8: 4 | M8: 5 | O8: 6 | S8: 0 | U8: 1 | W8: 2 | Y8: 3 | AA8: 4 | AC8: 5 | AE8: 6
E10: Cereals, flour, grains | Q10: =IF(ISBLANK(C10),0,Q7) | U10: Cereals, flour, grains | AG10: =IF(ISBLANK(S10),0,AG7)
E12: Bread crust | Q12: =IF(ISBLANK(C12),0,Q7) | U12: Bread crust | AG12: =IF(ISBLANK(S12),0,AG7)
E14: Caramel | Q14: =IF(ISBLANK(C14),0,Q7) | U14: Caramel | AG14: =IF(ISBLANK(S14),0,AG7)
E16: Smoked, burnt toast | Q16: =IF(ISBLANK(C16),0,Q7) | U16: Smoked, burnt toast | AG16: =IF(ISBLANK(S16),0,AG7)
B19: Hops | R19: Hops
M20: X | Q20: =IF(ISBLANK(O20),IF(ISBLANK(M20),IF(ISBLANK(K20),IF(ISBLANK(I20),IF(ISBLANK(G20),IF(ISBLANK(E20),0,1),2),3),4),5),6) | AA20: X | AG20: =IF(ISBLANK(AE20),IF(ISBLANK(AC20),IF(ISBLANK(AA20),IF(ISBLANK(Y20),IF(ISBLANK(W20),IF(ISBLANK(U20),0,1),2),3),4),5),6)
C21: 0 | E21: 1 | G21: 2 | I21: 3 | K21: 4 | M21: 5 | O21: 6 | S21: 0 | U21: 1 | W21: 2 | Y21: 3 | AA21: 4 | AC21: 5 | AE21: 6
C23: X | E23: Citrus | Q23: =IF(ISBLANK(C23),0,Q20) | S23: X | U23: Citrus | AG23: =IF(ISBLANK(S23),0,AG20)
C25: X | E25: Tropical fruit | Q25: =IF(ISBLANK(C25),0,Q20) | S25: X | U25: Tropical fruit | AG25: =IF(ISBLANK(S25),0,AG20)
C27: X | E27: Noble hops (dried herbs, dried grass, hay) | Q27: =IF(ISBLANK(C27),0,Q20) | S27: X | U27: Noble hops (dried herbs, dried grass, hay) | AG27: =IF(ISBLANK(S27),0,AG20)
C29: X | E29: Pine, woody, resinous | Q29: =IF(ISBLANK(C29),0,Q20) | S29: X | U29: Pine, woody, resinous | AG29: =IF(ISBLANK(S29),0,AG20)
B32: Esters | R32: Esters
K33: X | Q33: =IF(ISBLANK(O33),IF(ISBLANK(M33),IF(ISBLANK(K33),IF(ISBLANK(I33),IF(ISBLANK(G33),IF(ISBLANK(E33),0,1),2),3),4),5),6) | AA33: X | AG33: =IF(ISBLANK(AE33),IF(ISBLANK(AC33),IF(ISBLANK(AA33),IF(ISBLANK(Y33),IF(ISBLANK(W33),IF(ISBLANK(U33),0,1),2),3),4),5),6)
C34: 0 | E34: 1 | G34: 2 | I34: 3 | K34: 4 | M34: 5 | O34: 6 | S34: 0 | U34: 1 | W34: 2 | Y34: 3 | AA34: 4 | AC34: 5 | AE34: 6
E36: Ethyl acetate, solvent, nail polish | Q36: =IF(ISBLANK(C36),0,Q33) | U36: Ethyl acetate, solvent, nail polish | AG36: =IF(ISBLANK(S36),0,AG33)
E38: Banana, pear, candy | Q38: =IF(ISBLANK(C38),0,Q33) | U38: Banana, pear, candy | AG38: =IF(ISBLANK(S38),0,AG33)
C40: X | E40: Flowers, roses | Q40: =IF(ISBLANK(C40),0,Q33) | S40: X | U40: Flowers, roses | AG40: =IF(ISBLANK(S40),0,AG33)
E42: Sweet, fruity, apples | Q42: =IF(ISBLANK(C42),0,Q33) | U42: Sweet, fruity, apples | AG42: =IF(ISBLANK(S42),0,AG33)
B44: Acetaldehyde (green apples, peel) | R44: Acetaldehyde (green apples, peel)
Q45: =IF(ISBLANK(O45),IF(ISBLANK(M45),IF(ISBLANK(K45),IF(ISBLANK(I45),IF(ISBLANK(G45),IF(ISBLANK(E45),0,1),2),3),4),5),6) | AG45: =IF(ISBLANK(AE45),IF(ISBLANK(AC45),IF(ISBLANK(AA45),IF(ISBLANK(Y45),IF(ISBLANK(W45),IF(ISBLANK(U45),0,1),2),3),4),5),6)
C46: 0 | E46: 1 | G46: 2 | I46: 3 | K46: 4 | M46: 5 | O46: 6 | S46: 0 | U46: 1 | W46: 2 | Y46: 3 | AA46: 4 | AC46: 5 | AE46: 6
B49: Body | R49: Alcohol
I50: X | Q50: =IF(ISBLANK(O50),IF(ISBLANK(M50),IF(ISBLANK(K50),IF(ISBLANK(I50),IF(ISBLANK(G50),IF(ISBLANK(E50),0,1),2),3),4),5),6) | AA50: X | AG50: =IF(ISBLANK(AE50),IF(ISBLANK(AC50),IF(ISBLANK(AA50),IF(ISBLANK(Y50),IF(ISBLANK(W50),IF(ISBLANK(U50),0,1),2),3),4),5),6)
C51: 0 | E51: 1 | G51: 2 | I51: 3 | K51: 4 | M51: 5 | O51: 6 | S51: 0 | U51: 1 | W51: 2 | Y51: 3 | AA51: 4 | AC51: 5 | AE51: 6
B53: Bitterness | R53: Sweetness
K54: X | Q54: =IF(ISBLANK(O54),IF(ISBLANK(M54),IF(ISBLANK(K54),IF(ISBLANK(I54),IF(ISBLANK(G54),IF(ISBLANK(E54),0,1),2),3),4),5),6) | W54: X | AG54: =IF(ISBLANK(AE54),IF(ISBLANK(AC54),IF(ISBLANK(AA54),IF(ISBLANK(Y54),IF(ISBLANK(W54),IF(ISBLANK(U54),0,1),2),3),4),5),6)
C55: 0 | E55: 1 | G55: 2 | I55: 3 | K55: 4 | M55: 5 | O55: 6 | S55: 0 | U55: 1 | W55: 2 | Y55: 3 | AA55: 4 | AC55: 5 | AE55: 6
B57: Carbonation | R57: Acidity/sourness
M58: X | Q58: =IF(ISBLANK(O58),IF(ISBLANK(M58),IF(ISBLANK(K58),IF(ISBLANK(I58),IF(ISBLANK(G58),IF(ISBLANK(E58),0,1),2),3),4),5),6) | U58: X | AG58: =IF(ISBLANK(AE58),IF(ISBLANK(AC58),IF(ISBLANK(AA58),IF(ISBLANK(Y58),IF(ISBLANK(W58),IF(ISBLANK(U58),0,1),2),3),4),5),6)
C59: 0 | E59: 1 | G59: 2 | I59: 3 | K59: 4 | M59: 5 | O59: 6 | S59: 0 | U59: 1 | W59: 2 | Y59: 3 | AA59: 4 | AC59: 5 | AE59: 6
B61: Aftertaste
K62: X | Q62: =IF(ISBLANK(O62),IF(ISBLANK(M62),IF(ISBLANK(K62),IF(ISBLANK(I62),IF(ISBLANK(G62),IF(ISBLANK(E62),0,1),2),3),4),5),6) | AG62: =IF(ISBLANK(AE62),IF(ISBLANK(AC62),IF(ISBLANK(AA62),IF(ISBLANK(Y62),IF(ISBLANK(W62),IF(ISBLANK(U62),0,1),2),3),4),5),6)
C63: 0 | E63: 1 | G63: 2 | I63: 3 | K63: 4 | M63: 5 | O63: 6
B66: Faults
B67: DMS (cooked cabbage, corn) | R67: Trans-2-nonenal (wet cardboard, old attic, papery)
I68: X | Q68: =IF(ISBLANK(O68),IF(ISBLANK(M68),IF(ISBLANK(K68),IF(ISBLANK(I68),IF(ISBLANK(G68),IF(ISBLANK(E68),0,1),2),3),4),5),6) | U68: X | AG68: =IF(ISBLANK(AE68),IF(ISBLANK(AC68),IF(ISBLANK(AA68),IF(ISBLANK(Y68),IF(ISBLANK(W68),IF(ISBLANK(U68),0,1),2),3),4),5),6)
C69: 0 | E69: 1 | G69: 2 | I69: 3 | K69: 4 | M69: 5 | O69: 6 | S69: 0 | U69: 1 | W69: 2 | Y69: 3 | AA69: 4 | AC69: 5 | AE69: 6
B71: Metallic | R71: Diacetyl (buttery, caramel/butterscotch)
I72: X | Q72: =IF(ISBLANK(O72),IF(ISBLANK(M72),IF(ISBLANK(K72),IF(ISBLANK(I72),IF(ISBLANK(G72),IF(ISBLANK(E72),0,1),2),3),4),5),6) | W72: X | AG72: =IF(ISBLANK(AE72),IF(ISBLANK(AC72),IF(ISBLANK(AA72),IF(ISBLANK(Y72),IF(ISBLANK(W72),IF(ISBLANK(U72),0,1),2),3),4),5),6)
C73: 0 | E73: 1 | G73: 2 | I73: 3 | K73: 4 | M73: 5 | O73: 6 | S73: 0 | U73: 1 | W73: 2 | Y73: 3 | AA73: 4 | AC73: 5 | AE73: 6
B75: 4VG (smoky, clove, medicinal, dentist) | R75: Stale hops (cheesy, roquefort)
K76: X | Q76: =IF(ISBLANK(O76),IF(ISBLANK(M76),IF(ISBLANK(K76),IF(ISBLANK(I76),IF(ISBLANK(G76),IF(ISBLANK(E76),0,1),2),3),4),5),6) | AA76: X | AG76: =IF(ISBLANK(AE76),IF(ISBLANK(AC76),IF(ISBLANK(AA76),IF(ISBLANK(Y76),IF(ISBLANK(W76),IF(ISBLANK(U76),0,1),2),3),4),5),6)
C77: 0 | E77: 1 | G77: 2 | I77: 3 | K77: 4 | M77: 5 | O77: 6 | S77: 0 | U77: 1 | W77: 2 | Y77: 3 | AA77: 4 | AC77: 5 | AE77: 6
B80: Spiced beers | R80: Lambic/Geuze
B81: Orange | R81: Lactic acid
O82: X | Q82: =IF(ISBLANK(O82),IF(ISBLANK(M82),IF(ISBLANK(K82),IF(ISBLANK(I82),IF(ISBLANK(G82),IF(ISBLANK(E82),0,1),2),3),4),5),6) | U82: X | AG82: =IF(ISBLANK(AE82),IF(ISBLANK(AC82),IF(ISBLANK(AA82),IF(ISBLANK(Y82),IF(ISBLANK(W82),IF(ISBLANK(U82),0,1),2),3),4),5),6)
C83: 0 | E83: 1 | G83: 2 | I83: 3 | K83: 4 | M83: 5 | O83: 6 | S83: 0 | U83: 1 | W83: 2 | Y83: 3 | AA83: 4 | AC83: 5 | AE83: 6
B85: Coriander | R85: Acetic acid
O86: X | Q86: =IF(ISBLANK(O86),IF(ISBLANK(M86),IF(ISBLANK(K86),IF(ISBLANK(I86),IF(ISBLANK(G86),IF(ISBLANK(E86),0,1),2),3),4),5),6) | S86: X | AG86: =IF(ISBLANK(AE86),IF(ISBLANK(AC86),IF(ISBLANK(AA86),IF(ISBLANK(Y86),IF(ISBLANK(W86),IF(ISBLANK(U86),0,1),2),3),4),5),6)
C87: 0 | E87: 1 | G87: 2 | I87: 3 | K87: 4 | M87: 5 | O87: 6 | S87: 0 | U87: 1 | W87: 2 | Y87: 3 | AA87: 4 | AC87: 5 | AE87: 6
B89: Clove/anise | R89: Barnyard/horsey
I90: X | Q90: =IF(ISBLANK(O90),IF(ISBLANK(M90),IF(ISBLANK(K90),IF(ISBLANK(I90),IF(ISBLANK(G90),IF(ISBLANK(E90),0,1),2),3),4),5),6) | AA90: X | AG90: =IF(ISBLANK(AE90),IF(ISBLANK(AC90),IF(ISBLANK(AA90),IF(ISBLANK(Y90),IF(ISBLANK(W90),IF(ISBLANK(U90),0,1),2),3),4),5),6)
C91: 0 | E91: 1 | G91: 2 | I91: 3 | K91: 4 | M91: 5 | O91: 6 | S91: 0 | U91: 1 | W91: 2 | Y91: 3 | AA91: 4 | AC91: 5 | AE91: 6
B93: Overall | R93: Comments:
K94: X | Q94: =IF(ISBLANK(O94),IF(ISBLANK(M94),IF(ISBLANK(K94),IF(ISBLANK(I94),IF(ISBLANK(G94),IF(ISBLANK(E94),0,1),2),3),4),5),6) | AG94: =IF(ISBLANK(AE94),IF(ISBLANK(AC94),IF(ISBLANK(AA94),IF(ISBLANK(Y94),IF(ISBLANK(W94),IF(ISBLANK(U94),0,1),2),3),4),5),6)
C95: 0 | E95: 1 | G95: 2 | I95: 3 | K95: 4 | M95: 5 | O95: 6 | S95: 相对评分（基于折外预测，非原始品评分）。预测支持度C档（参考分）：A_malt_grain, A_hops_woody, A_esters_isoaa, A_esters_flower, A_esters_fruity, F_malt_grain, F_esters_flower, diacetyl, dms, metallic, stale_hops, orange, clove, barnyard
E97: Not present
C98: 0
E100: Predominant/overwhelming
C101: 6

Sheet beer_8
B1: Date
B3: Name: | R3: Beer#: | S3: 8
B5: Aroma | R5: Flavour
B6: Malt | R6: Malt
G7: X | Q7: =IF(ISBLANK(O7),IF(ISBLANK(M7),IF(ISBLANK(K7),IF(ISBLANK(I7),IF(ISBLANK(G7),IF(ISBLANK(E7),0,1),2),3),4),5),6) | Y7: X | AG7: =IF(ISBLANK(AE7),IF(ISBLANK(AC7),IF(ISBLANK(AA7),IF(ISBLANK(Y7),IF(ISBLANK(W7),IF(ISBLANK(U7),0,1),2),3),4),5),6)
C8: 0 | E8: 1 | G8: 2 | I8: 3 | K8: 4 | M8: 5 | O8: 6 | S8: 0 | U8: 1 | W8: 2 | Y8: 3 | AA8: 4 | AC8: 5 | AE8: 6
E10: Cereals, flour, grains | Q10: =IF(ISBLANK(C10),0,Q7) | S10: X | U10: Cereals, flour, grains | AG10: =IF(ISBLANK(S10),0,AG7)
C12: X | E12: Bread crust | Q12: =IF(ISBLANK(C12),0,Q7) | S12: X | U12: Bread crust | AG12: =IF(ISBLANK(S12),0,AG7)
E14: Caramel | Q14: =IF(ISBLANK(C14),0,Q7) | U14: Caramel | AG14: =IF(ISBLANK(S14),0,AG7)
E16: Smoked, burnt toast | Q16: =IF(ISBLANK(C16),0,Q7) | S16: X | U16: Smoked, burnt toast | AG16: =IF(ISBLANK(S16),0,AG7)
B19: Hops | R19: Hops
K20: X | Q20: =IF(ISBLANK(O20),IF(ISBLANK(M20),IF(ISBLANK(K20),IF(ISBLANK(I20),IF(ISBLANK(G20),IF(ISBLANK(E20),0,1),2),3),4),5),6) | AC20: X | AG20: =IF(ISBLANK(AE20),IF(ISBLANK(AC20),IF(ISBLANK(AA20),IF(ISBLANK(Y20),IF(ISBLANK(W20),IF(ISBLANK(U20),0,1),2),3),4),5),6)
C21: 0 | E21: 1 | G21: 2 | I21: 3 | K21: 4 | M21: 5 | O21: 6 | S21: 0 | U21: 1 | W21: 2 | Y21: 3 | AA21: 4 | AC21: 5 | AE21: 6
C23: X | E23: Citrus | Q23: =IF(ISBLANK(C23),0,Q20) | S23: X | U23: Citrus | AG23: =IF(ISBLANK(S23),0,AG20)
C25: X | E25: Tropical fruit | Q25: =IF(ISBLANK(C25),0,Q20) | S25: X | U25: Tropical fruit | AG25: =IF(ISBLANK(S25),0,AG20)
C27: X | E27: Noble hops (dried herbs, dried grass, hay) | Q27: =IF(ISBLANK(C27),0,Q20) | S27: X | U27: Noble hops (dried herbs, dried grass, hay) | AG27: =IF(ISBLANK(S27),0,AG20)
E29: Pine, woody, resinous | Q29: =IF(ISBLANK(C29),0,Q20) | S29: X | U29: Pine, woody, resinous | AG29: =IF(ISBLANK(S29),0,AG20)
B32: Esters | R32: Esters
M33: X | Q33: =IF(ISBLANK(O33),IF(ISBLANK(M33),IF(ISBLANK(K33),IF(ISBLANK(I33),IF(ISBLANK(G33),IF(ISBLANK(E33),0,1),2),3),4),5),6) | AC33: X | AG33: =IF(ISBLANK(AE33),IF(ISBLANK(AC33),IF(ISBLANK(AA33),IF(ISBLANK(Y33),IF(ISBLANK(W33),IF(ISBLANK(U33),0,1),2),3),4),5),6)
C34: 0 | E34: 1 | G34: 2 | I34: 3 | K34: 4 | M34: 5 | O34: 6 | S34: 0 | U34: 1 | W34: 2 | Y34: 3 | AA34: 4 | AC34: 5 | AE34: 6
C36: X | E36: Ethyl acetate, solvent, nail polish | Q36: =IF(ISBLANK(C36),0,Q33) | S36: X | U36: Ethyl acetate, solvent, nail polish | AG36: =IF(ISBLANK(S36),0,AG33)
C38: X | E38: Banana, pear, candy | Q38: =IF(ISBLANK(C38),0,Q33) | S38: X | U38: Banana, pear, candy | AG38: =IF(ISBLANK(S38),0,AG33)
C40: X | E40: Flowers, roses | Q40: =IF(ISBLANK(C40),0,Q33) | U40: Flowers, roses | AG40: =IF(ISBLANK(S40),0,AG33)
E42: Sweet, fruity, apples | Q42: =IF(ISBLANK(C42),0,Q33) | U42: Sweet, fruity, apples | AG42: =IF(ISBLANK(S42),0,AG33)
B44: Acetaldehyde (green apples, peel) | R44: Acetaldehyde (green apples, peel)
Q45: =IF(ISBLANK(O45),IF(ISBLANK(M45),IF(ISBLANK(K45),IF(ISBLANK(I45),IF(ISBLANK(G45),IF(ISBLANK(E45),0,1),2),3),4),5),6) | AG45: =IF(ISBLANK(AE45),IF(ISBLANK(AC45),IF(ISBLANK(AA45),IF(ISBLANK(Y45),IF(ISBLANK(W45),IF(ISBLANK(U45),0,1),2),3),4),5),6)
C46: 0 | E46: 1 | G46: 2 | I46: 3 | K46: 4 | M46: 5 | O46: 6 | S46: 0 | U46: 1 | W46: 2 | Y46: 3 | AA46: 4 | AC46: 5 | AE46: 6
B49: Body | R49: Alcohol
M50: X | Q50: =IF(ISBLANK(O50),IF(ISBLANK(M50),IF(ISBLANK(K50),IF(ISBLANK(I50),IF(ISBLANK(G50),IF(ISBLANK(E50),0,1),2),3),4),5),6) | AC50: X | AG50: =IF(ISBLANK(AE50),IF(ISBLANK(AC50),IF(ISBLANK(AA50),IF(ISBLANK(Y50),IF(ISBLANK(W50),IF(ISBLANK(U50),0,1),2),3),4),5),6)
C51: 0 | E51: 1 | G51: 2 | I51: 3 | K51: 4 | M51: 5 | O51: 6 | S51: 0 | U51: 1 | W51: 2 | Y51: 3 | AA51: 4 | AC51: 5 | AE51: 6
B53: Bitterness | R53: Sweetness
M54: X | Q54: =IF(ISBLANK(O54),IF(ISBLANK(M54),IF(ISBLANK(K54),IF(ISBLANK(I54),IF(ISBLANK(G54),IF(ISBLANK(E54),0,1),2),3),4),5),6) | U54: X | AG54: =IF(ISBLANK(AE54),IF(ISBLANK(AC54),IF(ISBLANK(AA54),IF(ISBLANK(Y54),IF(ISBLANK(W54),IF(ISBLANK(U54),0,1),2),3),4),5),6)
C55: 0 | E55: 1 | G55: 2 | I55: 3 | K55: 4 | M55: 5 | O55: 6 | S55: 0 | U55: 1 | W55: 2 | Y55: 3 | AA55: 4 | AC55: 5 | AE55: 6
B57: Carbonation | R57: Acidity/sourness
O58: X | Q58: =IF(ISBLANK(O58),IF(ISBLANK(M58),IF(ISBLANK(K58),IF(ISBLANK(I58),IF(ISBLANK(G58),IF(ISBLANK(E58),0,1),2),3),4),5),6) | S58: X | AG58: =IF(ISBLANK(AE58),IF(ISBLANK(AC58),IF(ISBLANK(AA58),IF(ISBLANK(Y58),IF(ISBLANK(W58),IF(ISBLANK(U58),0,1),2),3),4),5),6)
C59: 0 | E59: 1 | G59: 2 | I59: 3 | K59: 4 | M59: 5 | O59: 6 | S59: 0 | U59: 1 | W59: 2 | Y59: 3 | AA59: 4 | AC59: 5 | AE59: 6
B61: Aftertaste
M62: X | Q62: =IF(ISBLANK(O62),IF(ISBLANK(M62),IF(ISBLANK(K62),IF(ISBLANK(I62),IF(ISBLANK(G62),IF(ISBLANK(E62),0,1),2),3),4),5),6) | AG62: =IF(ISBLANK(AE62),IF(ISBLANK(AC62),IF(ISBLANK(AA62),IF(ISBLANK(Y62),IF(ISBLANK(W62),IF(ISBLANK(U62),0,1),2),3),4),5),6)
C63: 0 | E63: 1 | G63: 2 | I63: 3 | K63: 4 | M63: 5 | O63: 6
B66: Faults
B67: DMS (cooked cabbage, corn) | R67: Trans-2-nonenal (wet cardboard, old attic, papery)
K68: X | Q68: =IF(ISBLANK(O68),IF(ISBLANK(M68),IF(ISBLANK(K68),IF(ISBLANK(I68),IF(ISBLANK(G68),IF(ISBLANK(E68),0,1),2),3),4),5),6) | W68: X | AG68: =IF(ISBLANK(AE68),IF(ISBLANK(AC68),IF(ISBLANK(AA68),IF(ISBLANK(Y68),IF(ISBLANK(W68),IF(ISBLANK(U68),0,1),2),3),4),5),6)
C69: 0 | E69: 1 | G69: 2 | I69: 3 | K69: 4 | M69: 5 | O69: 6 | S69: 0 | U69: 1 | W69: 2 | Y69: 3 | AA69: 4 | AC69: 5 | AE69: 6
B71: Metallic | R71: Diacetyl (buttery, caramel/butterscotch)
M72: X | Q72: =IF(ISBLANK(O72),IF(ISBLANK(M72),IF(ISBLANK(K72),IF(ISBLANK(I72),IF(ISBLANK(G72),IF(ISBLANK(E72),0,1),2),3),4),5),6) | W72: X | AG72: =IF(ISBLANK(AE72),IF(ISBLANK(AC72),IF(ISBLANK(AA72),IF(ISBLANK(Y72),IF(ISBLANK(W72),IF(ISBLANK(U72),0,1),2),3),4),5),6)
C73: 0 | E73: 1 | G73: 2 | I73: 3 | K73: 4 | M73: 5 | O73: 6 | S73: 0 | U73: 1 | W73: 2 | Y73: 3 | AA73: 4 | AC73: 5 | AE73: 6
B75: 4VG (smoky, clove, medicinal, dentist) | R75: Stale hops (cheesy, roquefort)
K76: X | Q76: =IF(ISBLANK(O76),IF(ISBLANK(M76),IF(ISBLANK(K76),IF(ISBLANK(I76),IF(ISBLANK(G76),IF(ISBLANK(E76),0,1),2),3),4),5),6) | U76: X | AG76: =IF(ISBLANK(AE76),IF(ISBLANK(AC76),IF(ISBLANK(AA76),IF(ISBLANK(Y76),IF(ISBLANK(W76),IF(ISBLANK(U76),0,1),2),3),4),5),6)
C77: 0 | E77: 1 | G77: 2 | I77: 3 | K77: 4 | M77: 5 | O77: 6 | S77: 0 | U77: 1 | W77: 2 | Y77: 3 | AA77: 4 | AC77: 5 | AE77: 6
B80: Spiced beers | R80: Lambic/Geuze
B81: Orange | R81: Lactic acid
E82: X | Q82: =IF(ISBLANK(O82),IF(ISBLANK(M82),IF(ISBLANK(K82),IF(ISBLANK(I82),IF(ISBLANK(G82),IF(ISBLANK(E82),0,1),2),3),4),5),6) | S82: X | AG82: =IF(ISBLANK(AE82),IF(ISBLANK(AC82),IF(ISBLANK(AA82),IF(ISBLANK(Y82),IF(ISBLANK(W82),IF(ISBLANK(U82),0,1),2),3),4),5),6)
C83: 0 | E83: 1 | G83: 2 | I83: 3 | K83: 4 | M83: 5 | O83: 6 | S83: 0 | U83: 1 | W83: 2 | Y83: 3 | AA83: 4 | AC83: 5 | AE83: 6
B85: Coriander | R85: Acetic acid
E86: X | Q86: =IF(ISBLANK(O86),IF(ISBLANK(M86),IF(ISBLANK(K86),IF(ISBLANK(I86),IF(ISBLANK(G86),IF(ISBLANK(E86),0,1),2),3),4),5),6) | S86: X | AG86: =IF(ISBLANK(AE86),IF(ISBLANK(AC86),IF(ISBLANK(AA86),IF(ISBLANK(Y86),IF(ISBLANK(W86),IF(ISBLANK(U86),0,1),2),3),4),5),6)
C87: 0 | E87: 1 | G87: 2 | I87: 3 | K87: 4 | M87: 5 | O87: 6 | S87: 0 | U87: 1 | W87: 2 | Y87: 3 | AA87: 4 | AC87: 5 | AE87: 6
B89: Clove/anise | R89: Barnyard/horsey
E90: X | Q90: =IF(ISBLANK(O90),IF(ISBLANK(M90),IF(ISBLANK(K90),IF(ISBLANK(I90),IF(ISBLANK(G90),IF(ISBLANK(E90),0,1),2),3),4),5),6) | U90: X | AG90: =IF(ISBLANK(AE90),IF(ISBLANK(AC90),IF(ISBLANK(AA90),IF(ISBLANK(Y90),IF(ISBLANK(W90),IF(ISBLANK(U90),0,1),2),3),4),5),6)
C91: 0 | E91: 1 | G91: 2 | I91: 3 | K91: 4 | M91: 5 | O91: 6 | S91: 0 | U91: 1 | W91: 2 | Y91: 3 | AA91: 4 | AC91: 5 | AE91: 6
B93: Overall | R93: Comments:
O94: X | Q94: =IF(ISBLANK(O94),IF(ISBLANK(M94),IF(ISBLANK(K94),IF(ISBLANK(I94),IF(ISBLANK(G94),IF(ISBLANK(E94),0,1),2),3),4),5),6) | AG94: =IF(ISBLANK(AE94),IF(ISBLANK(AC94),IF(ISBLANK(AA94),IF(ISBLANK(Y94),IF(ISBLANK(W94),IF(ISBLANK(U94),0,1),2),3),4),5),6)
C95: 0 | E95: 1 | G95: 2 | I95: 3 | K95: 4 | M95: 5 | O95: 6 | S95: 相对评分（基于折外预测，非原始品评分）。预测支持度C档（参考分）：A_malt_grain, A_hops_woody, A_esters_isoaa, A_esters_flower, A_esters_fruity, F_malt_grain, F_esters_flower, diacetyl, dms, metallic, stale_hops, orange, clove, barnyard
E97: Not present
C98: 0
E100: Predominant/overwhelming
C101: 6

Sheet beer_9
B1: Date
B3: Name: | R3: Beer#: | S3: 9
B5: Aroma | R5: Flavour
B6: Malt | R6: Malt
E7: X | Q7: =IF(ISBLANK(O7),IF(ISBLANK(M7),IF(ISBLANK(K7),IF(ISBLANK(I7),IF(ISBLANK(G7),IF(ISBLANK(E7),0,1),2),3),4),5),6) | W7: X | AG7: =IF(ISBLANK(AE7),IF(ISBLANK(AC7),IF(ISBLANK(AA7),IF(ISBLANK(Y7),IF(ISBLANK(W7),IF(ISBLANK(U7),0,1),2),3),4),5),6)
C8: 0 | E8: 1 | G8: 2 | I8: 3 | K8: 4 | M8: 5 | O8: 6 | S8: 0 | U8: 1 | W8: 2 | Y8: 3 | AA8: 4 | AC8: 5 | AE8: 6
E10: Cereals, flour, grains | Q10: =IF(ISBLANK(C10),0,Q7) | U10: Cereals, flour, grains | AG10: =IF(ISBLANK(S10),0,AG7)
E12: Bread crust | Q12: =IF(ISBLANK(C12),0,Q7) | S12: X | U12: Bread crust | AG12: =IF(ISBLANK(S12),0,AG7)
E14: Caramel | Q14: =IF(ISBLANK(C14),0,Q7) | U14: Caramel | AG14: =IF(ISBLANK(S14),0,AG7)
E16: Smoked, burnt toast | Q16: =IF(ISBLANK(C16),0,Q7) | U16: Smoked, burnt toast | AG16: =IF(ISBLANK(S16),0,AG7)
B19: Hops | R19: Hops
M20: X | Q20: =IF(ISBLANK(O20),IF(ISBLANK(M20),IF(ISBLANK(K20),IF(ISBLANK(I20),IF(ISBLANK(G20),IF(ISBLANK(E20),0,1),2),3),4),5),6) | AC20: X | AG20: =IF(ISBLANK(AE20),IF(ISBLANK(AC20),IF(ISBLANK(AA20),IF(ISBLANK(Y20),IF(ISBLANK(W20),IF(ISBLANK(U20),0,1),2),3),4),5),6)
C21: 0 | E21: 1 | G21: 2 | I21: 3 | K21: 4 | M21: 5 | O21: 6 | S21: 0 | U21: 1 | W21: 2 | Y21: 3 | AA21: 4 | AC21: 5 | AE21: 6
C23: X | E23: Citrus | Q23: =IF(ISBLANK(C23),0,Q20) | S23: X | U23: Citrus | AG23: =IF(ISBLANK(S23),0,AG20)
C25: X | E25: Tropical fruit | Q25: =IF(ISBLANK(C25),0,Q20) | S25: X | U25: Tropical fruit | AG25: =IF(ISBLANK(S25),0,AG20)
C27: X | E27: Noble hops (dried herbs, dried grass, hay) | Q27: =IF(ISBLANK(C27),0,Q20) | S27: X | U27: Noble hops (dried herbs, dried grass, hay) | AG27: =IF(ISBLANK(S27),0,AG20)
C29: X | E29: Pine, woody, resinous | Q29: =IF(ISBLANK(C29),0,Q20) | S29: X | U29: Pine, woody, resinous | AG29: =IF(ISBLANK(S29),0,AG20)
B32: Esters | R32: Esters
I33: X | Q33: =IF(ISBLANK(O33),IF(ISBLANK(M33),IF(ISBLANK(K33),IF(ISBLANK(I33),IF(ISBLANK(G33),IF(ISBLANK(E33),0,1),2),3),4),5),6) | Y33: X | AG33: =IF(ISBLANK(AE33),IF(ISBLANK(AC33),IF(ISBLANK(AA33),IF(ISBLANK(Y33),IF(ISBLANK(W33),IF(ISBLANK(U33),0,1),2),3),4),5),6)
C34: 0 | E34: 1 | G34: 2 | I34: 3 | K34: 4 | M34: 5 | O34: 6 | S34: 0 | U34: 1 | W34: 2 | Y34: 3 | AA34: 4 | AC34: 5 | AE34: 6
C36: X | E36: Ethyl acetate, solvent, nail polish | Q36: =IF(ISBLANK(C36),0,Q33) | S36: X | U36: Ethyl acetate, solvent, nail polish | AG36: =IF(ISBLANK(S36),0,AG33)
C38: X | E38: Banana, pear, candy | Q38: =IF(ISBLANK(C38),0,Q33) | U38: Banana, pear, candy | AG38: =IF(ISBLANK(S38),0,AG33)
E40: Flowers, roses | Q40: =IF(ISBLANK(C40),0,Q33) | U40: Flowers, roses | AG40: =IF(ISBLANK(S40),0,AG33)
E42: Sweet, fruity, apples | Q42: =IF(ISBLANK(C42),0,Q33) | U42: Sweet, fruity, apples | AG42: =IF(ISBLANK(S42),0,AG33)
B44: Acetaldehyde (green apples, peel) | R44: Acetaldehyde (green apples, peel)
Q45: =IF(ISBLANK(O45),IF(ISBLANK(M45),IF(ISBLANK(K45),IF(ISBLANK(I45),IF(ISBLANK(G45),IF(ISBLANK(E45),0,1),2),3),4),5),6) | AG45: =IF(ISBLANK(AE45),IF(ISBLANK(AC45),IF(ISBLANK(AA45),IF(ISBLANK(Y45),IF(ISBLANK(W45),IF(ISBLANK(U45),0,1),2),3),4),5),6)
C46: 0 | E46: 1 | G46: 2 | I46: 3 | K46: 4 | M46: 5 | O46: 6 | S46: 0 | U46: 1 | W46: 2 | Y46: 3 | AA46: 4 | AC46: 5 | AE46: 6
B49: Body | R49: Alcohol
K50: X | Q50: =IF(ISBLANK(O50),IF(ISBLANK(M50),IF(ISBLANK(K50),IF(ISBLANK(I50),IF(ISBLANK(G50),IF(ISBLANK(E50),0,1),2),3),4),5),6) | AA50: X | AG50: =IF(ISBLANK(AE50),IF(ISBLANK(AC50),IF(ISBLANK(AA50),IF(ISBLANK(Y50),IF(ISBLANK(W50),IF(ISBLANK(U50),0,1),2),3),4),5),6)
C51: 0 | E51: 1 | G51: 2 | I51: 3 | K51: 4 | M51: 5 | O51: 6 | S51: 0 | U51: 1 | W51: 2 | Y51: 3 | AA51: 4 | AC51: 5 | AE51: 6
B53: Bitterness | R53: Sweetness
M54: X | Q54: =IF(ISBLANK(O54),IF(ISBLANK(M54),IF(ISBLANK(K54),IF(ISBLANK(I54),IF(ISBLANK(G54),IF(ISBLANK(E54),0,1),2),3),4),5),6) | S54: X | AG54: =IF(ISBLANK(AE54),IF(ISBLANK(AC54),IF(ISBLANK(AA54),IF(ISBLANK(Y54),IF(ISBLANK(W54),IF(ISBLANK(U54),0,1),2),3),4),5),6)
C55: 0 | E55: 1 | G55: 2 | I55: 3 | K55: 4 | M55: 5 | O55: 6 | S55: 0 | U55: 1 | W55: 2 | Y55: 3 | AA55: 4 | AC55: 5 | AE55: 6
B57: Carbonation | R57: Acidity/sourness
M58: X | Q58: =IF(ISBLANK(O58),IF(ISBLANK(M58),IF(ISBLANK(K58),IF(ISBLANK(I58),IF(ISBLANK(G58),IF(ISBLANK(E58),0,1),2),3),4),5),6) | S58: X | AG58: =IF(ISBLANK(AE58),IF(ISBLANK(AC58),IF(ISBLANK(AA58),IF(ISBLANK(Y58),IF(ISBLANK(W58),IF(ISBLANK(U58),0,1),2),3),4),5),6)
C59: 0 | E59: 1 | G59: 2 | I59: 3 | K59: 4 | M59: 5 | O59: 6 | S59: 0 | U59: 1 | W59: 2 | Y59: 3 | AA59: 4 | AC59: 5 | AE59: 6
B61: Aftertaste
M62: X | Q62: =IF(ISBLANK(O62),IF(ISBLANK(M62),IF(ISBLANK(K62),IF(ISBLANK(I62),IF(ISBLANK(G62),IF(ISBLANK(E62),0,1),2),3),4),5),6) | AG62: =IF(ISBLANK(AE62),IF(ISBLANK(AC62),IF(ISBLANK(AA62),IF(ISBLANK(Y62),IF(ISBLANK(W62),IF(ISBLANK(U62),0,1),2),3),4),5),6)
C63: 0 | E63: 1 | G63: 2 | I63: 3 | K63: 4 | M63: 5 | O63: 6
B66: Faults
B67: DMS (cooked cabbage, corn) | R67: Trans-2-nonenal (wet cardboard, old attic, papery)
I68: X | Q68: =IF(ISBLANK(O68),IF(ISBLANK(M68),IF(ISBLANK(K68),IF(ISBLANK(I68),IF(ISBLANK(G68),IF(ISBLANK(E68),0,1),2),3),4),5),6) | U68: X | AG68: =IF(ISBLANK(AE68),IF(ISBLANK(AC68),IF(ISBLANK(AA68),IF(ISBLANK(Y68),IF(ISBLANK(W68),IF(ISBLANK(U68),0,1),2),3),4),5),6)
C69: 0 | E69: 1 | G69: 2 | I69: 3 | K69: 4 | M69: 5 | O69: 6 | S69: 0 | U69: 1 | W69: 2 | Y69: 3 | AA69: 4 | AC69: 5 | AE69: 6
B71: Metallic | R71: Diacetyl (buttery, caramel/butterscotch)
I72: X | Q72: =IF(ISBLANK(O72),IF(ISBLANK(M72),IF(ISBLANK(K72),IF(ISBLANK(I72),IF(ISBLANK(G72),IF(ISBLANK(E72),0,1),2),3),4),5),6) | U72: X | AG72: =IF(ISBLANK(AE72),IF(ISBLANK(AC72),IF(ISBLANK(AA72),IF(ISBLANK(Y72),IF(ISBLANK(W72),IF(ISBLANK(U72),0,1),2),3),4),5),6)
C73: 0 | E73: 1 | G73: 2 | I73: 3 | K73: 4 | M73: 5 | O73: 6 | S73: 0 | U73: 1 | W73: 2 | Y73: 3 | AA73: 4 | AC73: 5 | AE73: 6
B75: 4VG (smoky, clove, medicinal, dentist) | R75: Stale hops (cheesy, roquefort)
K76: X | Q76: =IF(ISBLANK(O76),IF(ISBLANK(M76),IF(ISBLANK(K76),IF(ISBLANK(I76),IF(ISBLANK(G76),IF(ISBLANK(E76),0,1),2),3),4),5),6) | AA76: X | AG76: =IF(ISBLANK(AE76),IF(ISBLANK(AC76),IF(ISBLANK(AA76),IF(ISBLANK(Y76),IF(ISBLANK(W76),IF(ISBLANK(U76),0,1),2),3),4),5),6)
C77: 0 | E77: 1 | G77: 2 | I77: 3 | K77: 4 | M77: 5 | O77: 6 | S77: 0 | U77: 1 | W77: 2 | Y77: 3 | AA77: 4 | AC77: 5 | AE77: 6
B80: Spiced beers | R80: Lambic/Geuze
B81: Orange | R81: Lactic acid
E82: X | Q82: =IF(ISBLANK(O82),IF(ISBLANK(M82),IF(ISBLANK(K82),IF(ISBLANK(I82),IF(ISBLANK(G82),IF(ISBLANK(E82),0,1),2),3),4),5),6) | S82: X | AG82: =IF(ISBLANK(AE82),IF(ISBLANK(AC82),IF(ISBLANK(AA82),IF(ISBLANK(Y82),IF(ISBLANK(W82),IF(ISBLANK(U82),0,1),2),3),4),5),6)
C83: 0 | E83: 1 | G83: 2 | I83: 3 | K83: 4 | M83: 5 | O83: 6 | S83: 0 | U83: 1 | W83: 2 | Y83: 3 | AA83: 4 | AC83: 5 | AE83: 6
B85: Coriander | R85: Acetic acid
E86: X | Q86: =IF(ISBLANK(O86),IF(ISBLANK(M86),IF(ISBLANK(K86),IF(ISBLANK(I86),IF(ISBLANK(G86),IF(ISBLANK(E86),0,1),2),3),4),5),6) | S86: X | AG86: =IF(ISBLANK(AE86),IF(ISBLANK(AC86),IF(ISBLANK(AA86),IF(ISBLANK(Y86),IF(ISBLANK(W86),IF(ISBLANK(U86),0,1),2),3),4),5),6)
C87: 0 | E87: 1 | G87: 2 | I87: 3 | K87: 4 | M87: 5 | O87: 6 | S87: 0 | U87: 1 | W87: 2 | Y87: 3 | AA87: 4 | AC87: 5 | AE87: 6
B89: Clove/anise | R89: Barnyard/horsey
C90: X | Q90: =IF(ISBLANK(O90),IF(ISBLANK(M90),IF(ISBLANK(K90),IF(ISBLANK(I90),IF(ISBLANK(G90),IF(ISBLANK(E90),0,1),2),3),4),5),6) | AA90: X | AG90: =IF(ISBLANK(AE90),IF(ISBLANK(AC90),IF(ISBLANK(AA90),IF(ISBLANK(Y90),IF(ISBLANK(W90),IF(ISBLANK(U90),0,1),2),3),4),5),6)
C91: 0 | E91: 1 | G91: 2 | I91: 3 | K91: 4 | M91: 5 | O91: 6 | S91: 0 | U91: 1 | W91: 2 | Y91: 3 | AA91: 4 | AC91: 5 | AE91: 6
B93: Overall | R93: Comments:
M94: X | Q94: =IF(ISBLANK(O94),IF(ISBLANK(M94),IF(ISBLANK(K94),IF(ISBLANK(I94),IF(ISBLANK(G94),IF(ISBLANK(E94),0,1),2),3),4),5),6) | AG94: =IF(ISBLANK(AE94),IF(ISBLANK(AC94),IF(ISBLANK(AA94),IF(ISBLANK(Y94),IF(ISBLANK(W94),IF(ISBLANK(U94),0,1),2),3),4),5),6)
C95: 0 | E95: 1 | G95: 2 | I95: 3 | K95: 4 | M95: 5 | O95: 6 | S95: 相对评分（基于折外预测，非原始品评分）。预测支持度C档（参考分）：A_malt_grain, A_hops_woody, A_esters_isoaa, A_esters_flower, A_esters_fruity, F_malt_grain, F_esters_flower, diacetyl, dms, metallic, stale_hops, orange, clove, barnyard
E97: Not present
C98: 0
E100: Predominant/overwhelming
C101: 6

Sheet beer_10
B1: Date
B3: Name: | R3: Beer#: | S3: 10
B5: Aroma | R5: Flavour
B6: Malt | R6: Malt
E7: X | Q7: =IF(ISBLANK(O7),IF(ISBLANK(M7),IF(ISBLANK(K7),IF(ISBLANK(I7),IF(ISBLANK(G7),IF(ISBLANK(E7),0,1),2),3),4),5),6) | U7: X | AG7: =IF(ISBLANK(AE7),IF(ISBLANK(AC7),IF(ISBLANK(AA7),IF(ISBLANK(Y7),IF(ISBLANK(W7),IF(ISBLANK(U7),0,1),2),3),4),5),6)
C8: 0 | E8: 1 | G8: 2 | I8: 3 | K8: 4 | M8: 5 | O8: 6 | S8: 0 | U8: 1 | W8: 2 | Y8: 3 | AA8: 4 | AC8: 5 | AE8: 6
C10: X | E10: Cereals, flour, grains | Q10: =IF(ISBLANK(C10),0,Q7) | U10: Cereals, flour, grains | AG10: =IF(ISBLANK(S10),0,AG7)
E12: Bread crust | Q12: =IF(ISBLANK(C12),0,Q7) | U12: Bread crust | AG12: =IF(ISBLANK(S12),0,AG7)
E14: Caramel | Q14: =IF(ISBLANK(C14),0,Q7) | U14: Caramel | AG14: =IF(ISBLANK(S14),0,AG7)
E16: Smoked, burnt toast | Q16: =IF(ISBLANK(C16),0,Q7) | U16: Smoked, burnt toast | AG16: =IF(ISBLANK(S16),0,AG7)
B19: Hops | R19: Hops
C20: X | Q20: =IF(ISBLANK(O20),IF(ISBLANK(M20),IF(ISBLANK(K20),IF(ISBLANK(I20),IF(ISBLANK(G20),IF(ISBLANK(E20),0,1),2),3),4),5),6) | S20: X | AG20: =IF(ISBLANK(AE20),IF(ISBLANK(AC20),IF(ISBLANK(AA20),IF(ISBLANK(Y20),IF(ISBLANK(W20),IF(ISBLANK(U20),0,1),2),3),4),5),6)
C21: 0 | E21: 1 | G21: 2 | I21: 3 | K21: 4 | M21: 5 | O21: 6 | S21: 0 | U21: 1 | W21: 2 | Y21: 3 | AA21: 4 | AC21: 5 | AE21: 6
E23: Citrus | Q23: =IF(ISBLANK(C23),0,Q20) | U23: Citrus | AG23: =IF(ISBLANK(S23),0,AG20)
E25: Tropical fruit | Q25: =IF(ISBLANK(C25),0,Q20) | U25: Tropical fruit | AG25: =IF(ISBLANK(S25),0,AG20)
E27: Noble hops (dried herbs, dried grass, hay) | Q27: =IF(ISBLANK(C27),0,Q20) | U27: Noble hops (dried herbs, dried grass, hay) | AG27: =IF(ISBLANK(S27),0,AG20)
E29: Pine, woody, resinous | Q29: =IF(ISBLANK(C29),0,Q20) | U29: Pine, woody, resinous | AG29: =IF(ISBLANK(S29),0,AG20)
B32: Esters | R32: Esters
C33: X | Q33: =IF(ISBLANK(O33),IF(ISBLANK(M33),IF(ISBLANK(K33),IF(ISBLANK(I33),IF(ISBLANK(G33),IF(ISBLANK(E33),0,1),2),3),4),5),6) | U33: X | AG33: =IF(ISBLANK(AE33),IF(ISBLANK(AC33),IF(ISBLANK(AA33),IF(ISBLANK(Y33),IF(ISBLANK(W33),IF(ISBLANK(U33),0,1),2),3),4),5),6)
C34: 0 | E34: 1 | G34: 2 | I34: 3 | K34: 4 | M34: 5 | O34: 6 | S34: 0 | U34: 1 | W34: 2 | Y34: 3 | AA34: 4 | AC34: 5 | AE34: 6
E36: Ethyl acetate, solvent, nail polish | Q36: =IF(ISBLANK(C36),0,Q33) | U36: Ethyl acetate, solvent, nail polish | AG36: =IF(ISBLANK(S36),0,AG33)
E38: Banana, pear, candy | Q38: =IF(ISBLANK(C38),0,Q33) | U38: Banana, pear, candy | AG38: =IF(ISBLANK(S38),0,AG33)
E40: Flowers, roses | Q40: =IF(ISBLANK(C40),0,Q33) | U40: Flowers, roses | AG40: =IF(ISBLANK(S40),0,AG33)
E42: Sweet, fruity, apples | Q42: =IF(ISBLANK(C42),0,Q33) | S42: X | U42: Sweet, fruity, apples | AG42: =IF(ISBLANK(S42),0,AG33)
B44: Acetaldehyde (green apples, peel) | R44: Acetaldehyde (green apples, peel)
Q45: =IF(ISBLANK(O45),IF(ISBLANK(M45),IF(ISBLANK(K45),IF(ISBLANK(I45),IF(ISBLANK(G45),IF(ISBLANK(E45),0,1),2),3),4),5),6) | AG45: =IF(ISBLANK(AE45),IF(ISBLANK(AC45),IF(ISBLANK(AA45),IF(ISBLANK(Y45),IF(ISBLANK(W45),IF(ISBLANK(U45),0,1),2),3),4),5),6)
C46: 0 | E46: 1 | G46: 2 | I46: 3 | K46: 4 | M46: 5 | O46: 6 | S46: 0 | U46: 1 | W46: 2 | Y46: 3 | AA46: 4 | AC46: 5 | AE46: 6
B49: Body | R49: Alcohol
C50: X | Q50: =IF(ISBLANK(O50),IF(ISBLANK(M50),IF(ISBLANK(K50),IF(ISBLANK(I50),IF(ISBLANK(G50),IF(ISBLANK(E50),0,1),2),3),4),5),6) | S50: X | AG50: =IF(ISBLANK(AE50),IF(ISBLANK(AC50),IF(ISBLANK(AA50),IF(ISBLANK(Y50),IF(ISBLANK(W50),IF(ISBLANK(U50),0,1),2),3),4),5),6)
C51: 0 | E51: 1 | G51: 2 | I51: 3 | K51: 4 | M51: 5 | O51: 6 | S51: 0 | U51: 1 | W51: 2 | Y51: 3 | AA51: 4 | AC51: 5 | AE51: 6
B53: Bitterness | R53: Sweetness
C54: X | Q54: =IF(ISBLANK(O54),IF(ISBLANK(M54),IF(ISBLANK(K54),IF(ISBLANK(I54),IF(ISBLANK(G54),IF(ISBLANK(E54),0,1),2),3),4),5),6) | AA54: X | AG54: =IF(ISBLANK(AE54),IF(ISBLANK(AC54),IF(ISBLANK(AA54),IF(ISBLANK(Y54),IF(ISBLANK(W54),IF(ISBLANK(U54),0,1),2),3),4),5),6)
C55: 0 | E55: 1 | G55: 2 | I55: 3 | K55: 4 | M55: 5 | O55: 6 | S55: 0 | U55: 1 | W55: 2 | Y55: 3 | AA55: 4 | AC55: 5 | AE55: 6
B57: Carbonation | R57: Acidity/sourness
C58: X | Q58: =IF(ISBLANK(O58),IF(ISBLANK(M58),IF(ISBLANK(K58),IF(ISBLANK(I58),IF(ISBLANK(G58),IF(ISBLANK(E58),0,1),2),3),4),5),6) | S58: X | AG58: =IF(ISBLANK(AE58),IF(ISBLANK(AC58),IF(ISBLANK(AA58),IF(ISBLANK(Y58),IF(ISBLANK(W58),IF(ISBLANK(U58),0,1),2),3),4),5),6)
C59: 0 | E59: 1 | G59: 2 | I59: 3 | K59: 4 | M59: 5 | O59: 6 | S59: 0 | U59: 1 | W59: 2 | Y59: 3 | AA59: 4 | AC59: 5 | AE59: 6
B61: Aftertaste
C62: X | Q62: =IF(ISBLANK(O62),IF(ISBLANK(M62),IF(ISBLANK(K62),IF(ISBLANK(I62),IF(ISBLANK(G62),IF(ISBLANK(E62),0,1),2),3),4),5),6) | AG62: =IF(ISBLANK(AE62),IF(ISBLANK(AC62),IF(ISBLANK(AA62),IF(ISBLANK(Y62),IF(ISBLANK(W62),IF(ISBLANK(U62),0,1),2),3),4),5),6)
C63: 0 | E63: 1 | G63: 2 | I63: 3 | K63: 4 | M63: 5 | O63: 6
B66: Faults
B67: DMS (cooked cabbage, corn) | R67: Trans-2-nonenal (wet cardboard, old attic, papery)
G68: X | Q68: =IF(ISBLANK(O68),IF(ISBLANK(M68),IF(ISBLANK(K68),IF(ISBLANK(I68),IF(ISBLANK(G68),IF(ISBLANK(E68),0,1),2),3),4),5),6) | Y68: X | AG68: =IF(ISBLANK(AE68),IF(ISBLANK(AC68),IF(ISBLANK(AA68),IF(ISBLANK(Y68),IF(ISBLANK(W68),IF(ISBLANK(U68),0,1),2),3),4),5),6)
C69: 0 | E69: 1 | G69: 2 | I69: 3 | K69: 4 | M69: 5 | O69: 6 | S69: 0 | U69: 1 | W69: 2 | Y69: 3 | AA69: 4 | AC69: 5 | AE69: 6
B71: Metallic | R71: Diacetyl (buttery, caramel/butterscotch)
E72: X | Q72: =IF(ISBLANK(O72),IF(ISBLANK(M72),IF(ISBLANK(K72),IF(ISBLANK(I72),IF(ISBLANK(G72),IF(ISBLANK(E72),0,1),2),3),4),5),6) | Y72: X | AG72: =IF(ISBLANK(AE72),IF(ISBLANK(AC72),IF(ISBLANK(AA72),IF(ISBLANK(Y72),IF(ISBLANK(W72),IF(ISBLANK(U72),0,1),2),3),4),5),6)
C73: 0 | E73: 1 | G73: 2 | I73: 3 | K73: 4 | M73: 5 | O73: 6 | S73: 0 | U73: 1 | W73: 2 | Y73: 3 | AA73: 4 | AC73: 5 | AE73: 6
B75: 4VG (smoky, clove, medicinal, dentist) | R75: Stale hops (cheesy, roquefort)
G76: X | Q76: =IF(ISBLANK(O76),IF(ISBLANK(M76),IF(ISBLANK(K76),IF(ISBLANK(I76),IF(ISBLANK(G76),IF(ISBLANK(E76),0,1),2),3),4),5),6) | S76: X | AG76: =IF(ISBLANK(AE76),IF(ISBLANK(AC76),IF(ISBLANK(AA76),IF(ISBLANK(Y76),IF(ISBLANK(W76),IF(ISBLANK(U76),0,1),2),3),4),5),6)
C77: 0 | E77: 1 | G77: 2 | I77: 3 | K77: 4 | M77: 5 | O77: 6 | S77: 0 | U77: 1 | W77: 2 | Y77: 3 | AA77: 4 | AC77: 5 | AE77: 6
B80: Spiced beers | R80: Lambic/Geuze
B81: Orange | R81: Lactic acid
O82: X | Q82: =IF(ISBLANK(O82),IF(ISBLANK(M82),IF(ISBLANK(K82),IF(ISBLANK(I82),IF(ISBLANK(G82),IF(ISBLANK(E82),0,1),2),3),4),5),6) | U82: X | AG82: =IF(ISBLANK(AE82),IF(ISBLANK(AC82),IF(ISBLANK(AA82),IF(ISBLANK(Y82),IF(ISBLANK(W82),IF(ISBLANK(U82),0,1),2),3),4),5),6)
C83: 0 | E83: 1 | G83: 2 | I83: 3 | K83: 4 | M83: 5 | O83: 6 | S83: 0 | U83: 1 | W83: 2 | Y83: 3 | AA83: 4 | AC83: 5 | AE83: 6
B85: Coriander | R85: Acetic acid
M86: X | Q86: =IF(ISBLANK(O86),IF(ISBLANK(M86),IF(ISBLANK(K86),IF(ISBLANK(I86),IF(ISBLANK(G86),IF(ISBLANK(E86),0,1),2),3),4),5),6) | S86: X | AG86: =IF(ISBLANK(AE86),IF(ISBLANK(AC86),IF(ISBLANK(AA86),IF(ISBLANK(Y86),IF(ISBLANK(W86),IF(ISBLANK(U86),0,1),2),3),4),5),6)
C87: 0 | E87: 1 | G87: 2 | I87: 3 | K87: 4 | M87: 5 | O87: 6 | S87: 0 | U87: 1 | W87: 2 | Y87: 3 | AA87: 4 | AC87: 5 | AE87: 6
B89: Clove/anise | R89: Barnyard/horsey
I90: X | Q90: =IF(ISBLANK(O90),IF(ISBLANK(M90),IF(ISBLANK(K90),IF(ISBLANK(I90),IF(ISBLANK(G90),IF(ISBLANK(E90),0,1),2),3),4),5),6) | S90: X | AG90: =IF(ISBLANK(AE90),IF(ISBLANK(AC90),IF(ISBLANK(AA90),IF(ISBLANK(Y90),IF(ISBLANK(W90),IF(ISBLANK(U90),0,1),2),3),4),5),6)
C91: 0 | E91: 1 | G91: 2 | I91: 3 | K91: 4 | M91: 5 | O91: 6 | S91: 0 | U91: 1 | W91: 2 | Y91: 3 | AA91: 4 | AC91: 5 | AE91: 6
B93: Overall | R93: Comments:
C94: X | Q94: =IF(ISBLANK(O94),IF(ISBLANK(M94),IF(ISBLANK(K94),IF(ISBLANK(I94),IF(ISBLANK(G94),IF(ISBLANK(E94),0,1),2),3),4),5),6) | AG94: =IF(ISBLANK(AE94),IF(ISBLANK(AC94),IF(ISBLANK(AA94),IF(ISBLANK(Y94),IF(ISBLANK(W94),IF(ISBLANK(U94),0,1),2),3),4),5),6)
C95: 0 | E95: 1 | G95: 2 | I95: 3 | K95: 4 | M95: 5 | O95: 6 | S95: 相对评分（基于折外预测，非原始品评分）。预测支持度C档（参考分）：A_malt_grain, A_hops_woody, A_esters_isoaa, A_esters_flower, A_esters_fruity, F_malt_grain, F_esters_flower, diacetyl, dms, metallic, stale_hops, orange, clove, barnyard
E97: Not present
C98: 0
E100: Predominant/overwhelming
C101: 6

Sheet beer_11
B1: Date
B3: Name: | R3: Beer#: | S3: 11
B5: Aroma | R5: Flavour
B6: Malt | R6: Malt
I7: X | Q7: =IF(ISBLANK(O7),IF(ISBLANK(M7),IF(ISBLANK(K7),IF(ISBLANK(I7),IF(ISBLANK(G7),IF(ISBLANK(E7),0,1),2),3),4),5),6) | Y7: X | AG7: =IF(ISBLANK(AE7),IF(ISBLANK(AC7),IF(ISBLANK(AA7),IF(ISBLANK(Y7),IF(ISBLANK(W7),IF(ISBLANK(U7),0,1),2),3),4),5),6)
C8: 0 | E8: 1 | G8: 2 | I8: 3 | K8: 4 | M8: 5 | O8: 6 | S8: 0 | U8: 1 | W8: 2 | Y8: 3 | AA8: 4 | AC8: 5 | AE8: 6
E10: Cereals, flour, grains | Q10: =IF(ISBLANK(C10),0,Q7) | S10: X | U10: Cereals, flour, grains | AG10: =IF(ISBLANK(S10),0,AG7)
C12: X | E12: Bread crust | Q12: =IF(ISBLANK(C12),0,Q7) | S12: X | U12: Bread crust | AG12: =IF(ISBLANK(S12),0,AG7)
C14: X | E14: Caramel | Q14: =IF(ISBLANK(C14),0,Q7) | S14: X | U14: Caramel | AG14: =IF(ISBLANK(S14),0,AG7)
E16: Smoked, burnt toast | Q16: =IF(ISBLANK(C16),0,Q7) | U16: Smoked, burnt toast | AG16: =IF(ISBLANK(S16),0,AG7)
B19: Hops | R19: Hops
I20: X | Q20: =IF(ISBLANK(O20),IF(ISBLANK(M20),IF(ISBLANK(K20),IF(ISBLANK(I20),IF(ISBLANK(G20),IF(ISBLANK(E20),0,1),2),3),4),5),6) | Y20: X | AG20: =IF(ISBLANK(AE20),IF(ISBLANK(AC20),IF(ISBLANK(AA20),IF(ISBLANK(Y20),IF(ISBLANK(W20),IF(ISBLANK(U20),0,1),2),3),4),5),6)
C21: 0 | E21: 1 | G21: 2 | I21: 3 | K21: 4 | M21: 5 | O21: 6 | S21: 0 | U21: 1 | W21: 2 | Y21: 3 | AA21: 4 | AC21: 5 | AE21: 6
E23: Citrus | Q23: =IF(ISBLANK(C23),0,Q20) | U23: Citrus | AG23: =IF(ISBLANK(S23),0,AG20)
E25: Tropical fruit | Q25: =IF(ISBLANK(C25),0,Q20) | U25: Tropical fruit | AG25: =IF(ISBLANK(S25),0,AG20)
C27: X | E27: Noble hops (dried herbs, dried grass, hay) | Q27: =IF(ISBLANK(C27),0,Q20) | S27: X | U27: Noble hops (dried herbs, dried grass, hay) | AG27: =IF(ISBLANK(S27),0,AG20)
E29: Pine, woody, resinous | Q29: =IF(ISBLANK(C29),0,Q20) | S29: X | U29: Pine, woody, resinous | AG29: =IF(ISBLANK(S29),0,AG20)
B32: Esters | R32: Esters
K33: X | Q33: =IF(ISBLANK(O33),IF(ISBLANK(M33),IF(ISBLANK(K33),IF(ISBLANK(I33),IF(ISBLANK(G33),IF(ISBLANK(E33),0,1),2),3),4),5),6) | AA33: X | AG33: =IF(ISBLANK(AE33),IF(ISBLANK(AC33),IF(ISBLANK(AA33),IF(ISBLANK(Y33),IF(ISBLANK(W33),IF(ISBLANK(U33),0,1),2),3),4),5),6)
C34: 0 | E34: 1 | G34: 2 | I34: 3 | K34: 4 | M34: 5 | O34: 6 | S34: 0 | U34: 1 | W34: 2 | Y34: 3 | AA34: 4 | AC34: 5 | AE34: 6
C36: X | E36: Ethyl acetate, solvent, nail polish | Q36: =IF(ISBLANK(C36),0,Q33) | S36: X | U36: Ethyl acetate, solvent, nail polish | AG36: =IF(ISBLANK(S36),0,AG33)
C38: X | E38: Banana, pear, candy | Q38: =IF(ISBLANK(C38),0,Q33) | S38: X | U38: Banana, pear, candy | AG38: =IF(ISBLANK(S38),0,AG33)
C40: X | E40: Flowers, roses | Q40: =IF(ISBLANK(C40),0,Q33) | S40: X | U40: Flowers, roses | AG40: =IF(ISBLANK(S40),0,AG33)
E42: Sweet, fruity, apples | Q42: =IF(ISBLANK(C42),0,Q33) | U42: Sweet, fruity, apples | AG42: =IF(ISBLANK(S42),0,AG33)
B44: Acetaldehyde (green apples, peel) | R44: Acetaldehyde (green apples, peel)
Q45: =IF(ISBLANK(O45),IF(ISBLANK(M45),IF(ISBLANK(K45),IF(ISBLANK(I45),IF(ISBLANK(G45),IF(ISBLANK(E45),0,1),2),3),4),5),6) | AG45: =IF(ISBLANK(AE45),IF(ISBLANK(AC45),IF(ISBLANK(AA45),IF(ISBLANK(Y45),IF(ISBLANK(W45),IF(ISBLANK(U45),0,1),2),3),4),5),6)
C46: 0 | E46: 1 | G46: 2 | I46: 3 | K46: 4 | M46: 5 | O46: 6 | S46: 0 | U46: 1 | W46: 2 | Y46: 3 | AA46: 4 | AC46: 5 | AE46: 6
B49: Body | R49: Alcohol
K50: X | Q50: =IF(ISBLANK(O50),IF(ISBLANK(M50),IF(ISBLANK(K50),IF(ISBLANK(I50),IF(ISBLANK(G50),IF(ISBLANK(E50),0,1),2),3),4),5),6) | AC50: X | AG50: =IF(ISBLANK(AE50),IF(ISBLANK(AC50),IF(ISBLANK(AA50),IF(ISBLANK(Y50),IF(ISBLANK(W50),IF(ISBLANK(U50),0,1),2),3),4),5),6)
C51: 0 | E51: 1 | G51: 2 | I51: 3 | K51: 4 | M51: 5 | O51: 6 | S51: 0 | U51: 1 | W51: 2 | Y51: 3 | AA51: 4 | AC51: 5 | AE51: 6
B53: Bitterness | R53: Sweetness
K54: X | Q54: =IF(ISBLANK(O54),IF(ISBLANK(M54),IF(ISBLANK(K54),IF(ISBLANK(I54),IF(ISBLANK(G54),IF(ISBLANK(E54),0,1),2),3),4),5),6) | W54: X | AG54: =IF(ISBLANK(AE54),IF(ISBLANK(AC54),IF(ISBLANK(AA54),IF(ISBLANK(Y54),IF(ISBLANK(W54),IF(ISBLANK(U54),0,1),2),3),4),5),6)
C55: 0 | E55: 1 | G55: 2 | I55: 3 | K55: 4 | M55: 5 | O55: 6 | S55: 0 | U55: 1 | W55: 2 | Y55: 3 | AA55: 4 | AC55: 5 | AE55: 6
B57: Carbonation | R57: Acidity/sourness
M58: X | Q58: =IF(ISBLANK(O58),IF(ISBLANK(M58),IF(ISBLANK(K58),IF(ISBLANK(I58),IF(ISBLANK(G58),IF(ISBLANK(E58),0,1),2),3),4),5),6) | S58: X | AG58: =IF(ISBLANK(AE58),IF(ISBLANK(AC58),IF(ISBLANK(AA58),IF(ISBLANK(Y58),IF(ISBLANK(W58),IF(ISBLANK(U58),0,1),2),3),4),5),6)
C59: 0 | E59: 1 | G59: 2 | I59: 3 | K59: 4 | M59: 5 | O59: 6 | S59: 0 | U59: 1 | W59: 2 | Y59: 3 | AA59: 4 | AC59: 5 | AE59: 6
B61: Aftertaste
K62: X | Q62: =IF(ISBLANK(O62),IF(ISBLANK(M62),IF(ISBLANK(K62),IF(ISBLANK(I62),IF(ISBLANK(G62),IF(ISBLANK(E62),0,1),2),3),4),5),6) | AG62: =IF(ISBLANK(AE62),IF(ISBLANK(AC62),IF(ISBLANK(AA62),IF(ISBLANK(Y62),IF(ISBLANK(W62),IF(ISBLANK(U62),0,1),2),3),4),5),6)
C63: 0 | E63: 1 | G63: 2 | I63: 3 | K63: 4 | M63: 5 | O63: 6
B66: Faults
B67: DMS (cooked cabbage, corn) | R67: Trans-2-nonenal (wet cardboard, old attic, papery)
I68: X | Q68: =IF(ISBLANK(O68),IF(ISBLANK(M68),IF(ISBLANK(K68),IF(ISBLANK(I68),IF(ISBLANK(G68),IF(ISBLANK(E68),0,1),2),3),4),5),6) | W68: X | AG68: =IF(ISBLANK(AE68),IF(ISBLANK(AC68),IF(ISBLANK(AA68),IF(ISBLANK(Y68),IF(ISBLANK(W68),IF(ISBLANK(U68),0,1),2),3),4),5),6)
C69: 0 | E69: 1 | G69: 2 | I69: 3 | K69: 4 | M69: 5 | O69: 6 | S69: 0 | U69: 1 | W69: 2 | Y69: 3 | AA69: 4 | AC69: 5 | AE69: 6
B71: Metallic | R71: Diacetyl (buttery, caramel/butterscotch)
K72: X | Q72: =IF(ISBLANK(O72),IF(ISBLANK(M72),IF(ISBLANK(K72),IF(ISBLANK(I72),IF(ISBLANK(G72),IF(ISBLANK(E72),0,1),2),3),4),5),6) | Y72: X | AG72: =IF(ISBLANK(AE72),IF(ISBLANK(AC72),IF(ISBLANK(AA72),IF(ISBLANK(Y72),IF(ISBLANK(W72),IF(ISBLANK(U72),0,1),2),3),4),5),6)
C73: 0 | E73: 1 | G73: 2 | I73: 3 | K73: 4 | M73: 5 | O73: 6 | S73: 0 | U73: 1 | W73: 2 | Y73: 3 | AA73: 4 | AC73: 5 | AE73: 6
B75: 4VG (smoky, clove, medicinal, dentist) | R75: Stale hops (cheesy, roquefort)
K76: X | Q76: =IF(ISBLANK(O76),IF(ISBLANK(M76),IF(ISBLANK(K76),IF(ISBLANK(I76),IF(ISBLANK(G76),IF(ISBLANK(E76),0,1),2),3),4),5),6) | W76: X | AG76: =IF(ISBLANK(AE76),IF(ISBLANK(AC76),IF(ISBLANK(AA76),IF(ISBLANK(Y76),IF(ISBLANK(W76),IF(ISBLANK(U76),0,1),2),3),4),5),6)
C77: 0 | E77: 1 | G77: 2 | I77: 3 | K77: 4 | M77: 5 | O77: 6 | S77: 0 | U77: 1 | W77: 2 | Y77: 3 | AA77: 4 | AC77: 5 | AE77: 6
B80: Spiced beers | R80: Lambic/Geuze
B81: Orange | R81: Lactic acid
C82: X | Q82: =IF(ISBLANK(O82),IF(ISBLANK(M82),IF(ISBLANK(K82),IF(ISBLANK(I82),IF(ISBLANK(G82),IF(ISBLANK(E82),0,1),2),3),4),5),6) | S82: X | AG82: =IF(ISBLANK(AE82),IF(ISBLANK(AC82),IF(ISBLANK(AA82),IF(ISBLANK(Y82),IF(ISBLANK(W82),IF(ISBLANK(U82),0,1),2),3),4),5),6)
C83: 0 | E83: 1 | G83: 2 | I83: 3 | K83: 4 | M83: 5 | O83: 6 | S83: 0 | U83: 1 | W83: 2 | Y83: 3 | AA83: 4 | AC83: 5 | AE83: 6
B85: Coriander | R85: Acetic acid
E86: X | Q86: =IF(ISBLANK(O86),IF(ISBLANK(M86),IF(ISBLANK(K86),IF(ISBLANK(I86),IF(ISBLANK(G86),IF(ISBLANK(E86),0,1),2),3),4),5),6) | S86: X | AG86: =IF(ISBLANK(AE86),IF(ISBLANK(AC86),IF(ISBLANK(AA86),IF(ISBLANK(Y86),IF(ISBLANK(W86),IF(ISBLANK(U86),0,1),2),3),4),5),6)
C87: 0 | E87: 1 | G87: 2 | I87: 3 | K87: 4 | M87: 5 | O87: 6 | S87: 0 | U87: 1 | W87: 2 | Y87: 3 | AA87: 4 | AC87: 5 | AE87: 6
B89: Clove/anise | R89: Barnyard/horsey
G90: X | Q90: =IF(ISBLANK(O90),IF(ISBLANK(M90),IF(ISBLANK(K90),IF(ISBLANK(I90),IF(ISBLANK(G90),IF(ISBLANK(E90),0,1),2),3),4),5),6) | W90: X | AG90: =IF(ISBLANK(AE90),IF(ISBLANK(AC90),IF(ISBLANK(AA90),IF(ISBLANK(Y90),IF(ISBLANK(W90),IF(ISBLANK(U90),0,1),2),3),4),5),6)
C91: 0 | E91: 1 | G91: 2 | I91: 3 | K91: 4 | M91: 5 | O91: 6 | S91: 0 | U91: 1 | W91: 2 | Y91: 3 | AA91: 4 | AC91: 5 | AE91: 6
B93: Overall | R93: Comments:
M94: X | Q94: =IF(ISBLANK(O94),IF(ISBLANK(M94),IF(ISBLANK(K94),IF(ISBLANK(I94),IF(ISBLANK(G94),IF(ISBLANK(E94),0,1),2),3),4),5),6) | AG94: =IF(ISBLANK(AE94),IF(ISBLANK(AC94),IF(ISBLANK(AA94),IF(ISBLANK(Y94),IF(ISBLANK(W94),IF(ISBLANK(U94),0,1),2),3),4),5),6)
C95: 0 | E95: 1 | G95: 2 | I95: 3 | K95: 4 | M95: 5 | O95: 6 | S95: 相对评分（基于折外预测，非原始品评分）。预测支持度C档（参考分）：A_malt_grain, A_hops_woody, A_esters_isoaa, A_esters_flower, A_esters_fruity, F_malt_grain, F_esters_flower, diacetyl, dms, metallic, stale_hops, orange, clove, barnyard
E97: Not present
C98: 0
E100: Predominant/overwhelming
C101: 6

Sheet beer_12
B1: Date
B3: Name: | R3: Beer#: | S3: 12
B5: Aroma | R5: Flavour
B6: Malt | R6: Malt
G7: X | Q7: =IF(ISBLANK(O7),IF(ISBLANK(M7),IF(ISBLANK(K7),IF(ISBLANK(I7),IF(ISBLANK(G7),IF(ISBLANK(E7),0,1),2),3),4),5),6) | U7: X | AG7: =IF(ISBLANK(AE7),IF(ISBLANK(AC7),IF(ISBLANK(AA7),IF(ISBLANK(Y7),IF(ISBLANK(W7),IF(ISBLANK(U7),0,1),2),3),4),5),6)
C8: 0 | E8: 1 | G8: 2 | I8: 3 | K8: 4 | M8: 5 | O8: 6 | S8: 0 | U8: 1 | W8: 2 | Y8: 3 | AA8: 4 | AC8: 5 | AE8: 6
E10: Cereals, flour, grains | Q10: =IF(ISBLANK(C10),0,Q7) | U10: Cereals, flour, grains | AG10: =IF(ISBLANK(S10),0,AG7)
E12: Bread crust | Q12: =IF(ISBLANK(C12),0,Q7) | U12: Bread crust | AG12: =IF(ISBLANK(S12),0,AG7)
E14: Caramel | Q14: =IF(ISBLANK(C14),0,Q7) | U14: Caramel | AG14: =IF(ISBLANK(S14),0,AG7)
E16: Smoked, burnt toast | Q16: =IF(ISBLANK(C16),0,Q7) | U16: Smoked, burnt toast | AG16: =IF(ISBLANK(S16),0,AG7)
B19: Hops | R19: Hops
C20: X | Q20: =IF(ISBLANK(O20),IF(ISBLANK(M20),IF(ISBLANK(K20),IF(ISBLANK(I20),IF(ISBLANK(G20),IF(ISBLANK(E20),0,1),2),3),4),5),6) | S20: X | AG20: =IF(ISBLANK(AE20),IF(ISBLANK(AC20),IF(ISBLANK(AA20),IF(ISBLANK(Y20),IF(ISBLANK(W20),IF(ISBLANK(U20),0,1),2),3),4),5),6)
C21: 0 | E21: 1 | G21: 2 | I21: 3 | K21: 4 | M21: 5 | O21: 6 | S21: 0 | U21: 1 | W21: 2 | Y21: 3 | AA21: 4 | AC21: 5 | AE21: 6
E23: Citrus | Q23: =IF(ISBLANK(C23),0,Q20) | U23: Citrus | AG23: =IF(ISBLANK(S23),0,AG20)
E25: Tropical fruit | Q25: =IF(ISBLANK(C25),0,Q20) | U25: Tropical fruit | AG25: =IF(ISBLANK(S25),0,AG20)
E27: Noble hops (dried herbs, dried grass, hay) | Q27: =IF(ISBLANK(C27),0,Q20) | U27: Noble hops (dried herbs, dried grass, hay) | AG27: =IF(ISBLANK(S27),0,AG20)
E29: Pine, woody, resinous | Q29: =IF(ISBLANK(C29),0,Q20) | U29: Pine, woody, resinous | AG29: =IF(ISBLANK(S29),0,AG20)
B32: Esters | R32: Esters
M33: X | Q33: =IF(ISBLANK(O33),IF(ISBLANK(M33),IF(ISBLANK(K33),IF(ISBLANK(I33),IF(ISBLANK(G33),IF(ISBLANK(E33),0,1),2),3),4),5),6) | AA33: X | AG33: =IF(ISBLANK(AE33),IF(ISBLANK(AC33),IF(ISBLANK(AA33),IF(ISBLANK(Y33),IF(ISBLANK(W33),IF(ISBLANK(U33),0,1),2),3),4),5),6)
C34: 0 | E34: 1 | G34: 2 | I34: 3 | K34: 4 | M34: 5 | O34: 6 | S34: 0 | U34: 1 | W34: 2 | Y34: 3 | AA34: 4 | AC34: 5 | AE34: 6
E36: Ethyl acetate, solvent, nail polish | Q36: =IF(ISBLANK(C36),0,Q33) | U36: Ethyl acetate, solvent, nail polish | AG36: =IF(ISBLANK(S36),0,AG33)
C38: X | E38: Banana, pear, candy | Q38: =IF(ISBLANK(C38),0,Q33) | S38: X | U38: Banana, pear, candy | AG38: =IF(ISBLANK(S38),0,AG33)
C40: X | E40: Flowers, roses | Q40: =IF(ISBLANK(C40),0,Q33) | S40: X | U40: Flowers, roses | AG40: =IF(ISBLANK(S40),0,AG33)
C42: X | E42: Sweet, fruity, apples | Q42: =IF(ISBLANK(C42),0,Q33) | S42: X | U42: Sweet, fruity, apples | AG42: =IF(ISBLANK(S42),0,AG33)
B44: Acetaldehyde (green apples, peel) | R44: Acetaldehyde (green apples, peel)
Q45: =IF(ISBLANK(O45),IF(ISBLANK(M45),IF(ISBLANK(K45),IF(ISBLANK(I45),IF(ISBLANK(G45),IF(ISBLANK(E45),0,1),2),3),4),5),6) | AG45: =IF(ISBLANK(AE45),IF(ISBLANK(AC45),IF(ISBLANK(AA45),IF(ISBLANK(Y45),IF(ISBLANK(W45),IF(ISBLANK(U45),0,1),2),3),4),5),6)
C46: 0 | E46: 1 | G46: 2 | I46: 3 | K46: 4 | M46: 5 | O46: 6 | S46: 0 | U46: 1 | W46: 2 | Y46: 3 | AA46: 4 | AC46: 5 | AE46: 6
B49: Body | R49: Alcohol
E50: X | Q50: =IF(ISBLANK(O50),IF(ISBLANK(M50),IF(ISBLANK(K50),IF(ISBLANK(I50),IF(ISBLANK(G50),IF(ISBLANK(E50),0,1),2),3),4),5),6) | U50: X | AG50: =IF(ISBLANK(AE50),IF(ISBLANK(AC50),IF(ISBLANK(AA50),IF(ISBLANK(Y50),IF(ISBLANK(W50),IF(ISBLANK(U50),0,1),2),3),4),5),6)
C51: 0 | E51: 1 | G51: 2 | I51: 3 | K51: 4 | M51: 5 | O51: 6 | S51: 0 | U51: 1 | W51: 2 | Y51: 3 | AA51: 4 | AC51: 5 | AE51: 6
B53: Bitterness | R53: Sweetness
C54: X | Q54: =IF(ISBLANK(O54),IF(ISBLANK(M54),IF(ISBLANK(K54),IF(ISBLANK(I54),IF(ISBLANK(G54),IF(ISBLANK(E54),0,1),2),3),4),5),6) | AE54: X | AG54: =IF(ISBLANK(AE54),IF(ISBLANK(AC54),IF(ISBLANK(AA54),IF(ISBLANK(Y54),IF(ISBLANK(W54),IF(ISBLANK(U54),0,1),2),3),4),5),6)
C55: 0 | E55: 1 | G55: 2 | I55: 3 | K55: 4 | M55: 5 | O55: 6 | S55: 0 | U55: 1 | W55: 2 | Y55: 3 | AA55: 4 | AC55: 5 | AE55: 6
B57: Carbonation | R57: Acidity/sourness
E58: X | Q58: =IF(ISBLANK(O58),IF(ISBLANK(M58),IF(ISBLANK(K58),IF(ISBLANK(I58),IF(ISBLANK(G58),IF(ISBLANK(E58),0,1),2),3),4),5),6) | Y58: X | AG58: =IF(ISBLANK(AE58),IF(ISBLANK(AC58),IF(ISBLANK(AA58),IF(ISBLANK(Y58),IF(ISBLANK(W58),IF(ISBLANK(U58),0,1),2),3),4),5),6)
C59: 0 | E59: 1 | G59: 2 | I59: 3 | K59: 4 | M59: 5 | O59: 6 | S59: 0 | U59: 1 | W59: 2 | Y59: 3 | AA59: 4 | AC59: 5 | AE59: 6
B61: Aftertaste
G62: X | Q62: =IF(ISBLANK(O62),IF(ISBLANK(M62),IF(ISBLANK(K62),IF(ISBLANK(I62),IF(ISBLANK(G62),IF(ISBLANK(E62),0,1),2),3),4),5),6) | AG62: =IF(ISBLANK(AE62),IF(ISBLANK(AC62),IF(ISBLANK(AA62),IF(ISBLANK(Y62),IF(ISBLANK(W62),IF(ISBLANK(U62),0,1),2),3),4),5),6)
C63: 0 | E63: 1 | G63: 2 | I63: 3 | K63: 4 | M63: 5 | O63: 6
B66: Faults
B67: DMS (cooked cabbage, corn) | R67: Trans-2-nonenal (wet cardboard, old attic, papery)
C68: X | Q68: =IF(ISBLANK(O68),IF(ISBLANK(M68),IF(ISBLANK(K68),IF(ISBLANK(I68),IF(ISBLANK(G68),IF(ISBLANK(E68),0,1),2),3),4),5),6) | AA68: X | AG68: =IF(ISBLANK(AE68),IF(ISBLANK(AC68),IF(ISBLANK(AA68),IF(ISBLANK(Y68),IF(ISBLANK(W68),IF(ISBLANK(U68),0,1),2),3),4),5),6)
C69: 0 | E69: 1 | G69: 2 | I69: 3 | K69: 4 | M69: 5 | O69: 6 | S69: 0 | U69: 1 | W69: 2 | Y69: 3 | AA69: 4 | AC69: 5 | AE69: 6
B71: Metallic | R71: Diacetyl (buttery, caramel/butterscotch)
G72: X | Q72: =IF(ISBLANK(O72),IF(ISBLANK(M72),IF(ISBLANK(K72),IF(ISBLANK(I72),IF(ISBLANK(G72),IF(ISBLANK(E72),0,1),2),3),4),5),6) | AE72: X | AG72: =IF(ISBLANK(AE72),IF(ISBLANK(AC72),IF(ISBLANK(AA72),IF(ISBLANK(Y72),IF(ISBLANK(W72),IF(ISBLANK(U72),0,1),2),3),4),5),6)
C73: 0 | E73: 1 | G73: 2 | I73: 3 | K73: 4 | M73: 5 | O73: 6 | S73: 0 | U73: 1 | W73: 2 | Y73: 3 | AA73: 4 | AC73: 5 | AE73: 6
B75: 4VG (smoky, clove, medicinal, dentist) | R75: Stale hops (cheesy, roquefort)
E76: X | Q76: =IF(ISBLANK(O76),IF(ISBLANK(M76),IF(ISBLANK(K76),IF(ISBLANK(I76),IF(ISBLANK(G76),IF(ISBLANK(E76),0,1),2),3),4),5),6) | W76: X | AG76: =IF(ISBLANK(AE76),IF(ISBLANK(AC76),IF(ISBLANK(AA76),IF(ISBLANK(Y76),IF(ISBLANK(W76),IF(ISBLANK(U76),0,1),2),3),4),5),6)
C77: 0 | E77: 1 | G77: 2 | I77: 3 | K77: 4 | M77: 5 | O77: 6 | S77: 0 | U77: 1 | W77: 2 | Y77: 3 | AA77: 4 | AC77: 5 | AE77: 6
B80: Spiced beers | R80: Lambic/Geuze
B81: Orange | R81: Lactic acid
G82: X | Q82: =IF(ISBLANK(O82),IF(ISBLANK(M82),IF(ISBLANK(K82),IF(ISBLANK(I82),IF(ISBLANK(G82),IF(ISBLANK(E82),0,1),2),3),4),5),6) | AA82: X | AG82: =IF(ISBLANK(AE82),IF(ISBLANK(AC82),IF(ISBLANK(AA82),IF(ISBLANK(Y82),IF(ISBLANK(W82),IF(ISBLANK(U82),0,1),2),3),4),5),6)
C83: 0 | E83: 1 | G83: 2 | I83: 3 | K83: 4 | M83: 5 | O83: 6 | S83: 0 | U83: 1 | W83: 2 | Y83: 3 | AA83: 4 | AC83: 5 | AE83: 6
B85: Coriander | R85: Acetic acid
C86: X | Q86: =IF(ISBLANK(O86),IF(ISBLANK(M86),IF(ISBLANK(K86),IF(ISBLANK(I86),IF(ISBLANK(G86),IF(ISBLANK(E86),0,1),2),3),4),5),6) | Y86: X | AG86: =IF(ISBLANK(AE86),IF(ISBLANK(AC86),IF(ISBLANK(AA86),IF(ISBLANK(Y86),IF(ISBLANK(W86),IF(ISBLANK(U86),0,1),2),3),4),5),6)
C87: 0 | E87: 1 | G87: 2 | I87: 3 | K87: 4 | M87: 5 | O87: 6 | S87: 0 | U87: 1 | W87: 2 | Y87: 3 | AA87: 4 | AC87: 5 | AE87: 6
B89: Clove/anise | R89: Barnyard/horsey
E90: X | Q90: =IF(ISBLANK(O90),IF(ISBLANK(M90),IF(ISBLANK(K90),IF(ISBLANK(I90),IF(ISBLANK(G90),IF(ISBLANK(E90),0,1),2),3),4),5),6) | W90: X | AG90: =IF(ISBLANK(AE90),IF(ISBLANK(AC90),IF(ISBLANK(AA90),IF(ISBLANK(Y90),IF(ISBLANK(W90),IF(ISBLANK(U90),0,1),2),3),4),5),6)
C91: 0 | E91: 1 | G91: 2 | I91: 3 | K91: 4 | M91: 5 | O91: 6 | S91: 0 | U91: 1 | W91: 2 | Y91: 3 | AA91: 4 | AC91: 5 | AE91: 6
B93: Overall | R93: Comments:
G94: X | Q94: =IF(ISBLANK(O94),IF(ISBLANK(M94),IF(ISBLANK(K94),IF(ISBLANK(I94),IF(ISBLANK(G94),IF(ISBLANK(E94),0,1),2),3),4),5),6) | AG94: =IF(ISBLANK(AE94),IF(ISBLANK(AC94),IF(ISBLANK(AA94),IF(ISBLANK(Y94),IF(ISBLANK(W94),IF(ISBLANK(U94),0,1),2),3),4),5),6)
C95: 0 | E95: 1 | G95: 2 | I95: 3 | K95: 4 | M95: 5 | O95: 6 | S95: 相对评分（基于折外预测，非原始品评分）。预测支持度C档（参考分）：A_malt_grain, A_hops_woody, A_esters_isoaa, A_esters_flower, A_esters_fruity, F_malt_grain, F_esters_flower, diacetyl, dms, metallic, stale_hops, orange, clove, barnyard
E97: Not present
C98: 0
E100: Predominant/overwhelming
C101: 6

Sheet summary
A1: Beer | B1: A_malt_all | C1: A_malt_grain | D1: A_malt_bread | E1: A_malt_cara | F1: A_malt_burn | G1: A_hops_all | H1: A_hops_citrus | I1: A_hops_tropical | J1: A_hops_noble | K1: A_hops_woody | L1: A_esters_all | M1: A_esters_ethac | N1: A_esters_isoaa | O1: A_esters_flower | P1: A_ester_fruity | Q1: F_malt_all | R1: F_malt_grain | S1: F_malt_bread | T1: F_malt_cara | U1: F_malt_burn | V1: F_hops_all | W1: F_hops_citrus | X1: F_hops_tropical | Y1: F_hops_noble | Z1: F_hops_woody | AA1: F_esters_all | AB1: F_esters_ethac | AC1: F_esters_isoaa | AD1: F_esters_flower | AE1: F_ester_fruity | AF1: body | AG1: bitternes | AH1: co2 | AI1: aftertaste | AJ1: alcohol | AK1: sweetness | AL1: acidity | AM1: dms | AN1: metallic | AO1: 4vg | AP1: t2n | AQ1: diacetyl | AR1: stale_hops | AS1: orange | AT1: coriander | AU1: clove | AV1: lactic | AW1: acetic | AX1: barnyard | AY1: overall | AZ1: comments
A2: 1 | B2: =beer_1!$Q$7 | C2: =beer_1!$Q$10 | D2: =beer_1!$Q$12 | E2: =beer_1!$Q$14 | F2: =beer_1!$Q$16 | G2: =beer_1!$Q$20 | H2: =beer_1!$Q$23 | I2: =beer_1!$Q$25 | J2: =beer_1!$Q$27 | K2: =beer_1!$Q$29 | L2: =beer_1!$Q$33 | M2: =beer_1!$Q$36 | N2: =beer_1!$Q$38 | O2: =beer_1!$Q$40 | P2: =beer_1!$Q$42 | Q2: =beer_1!$AG$7 | R2: =beer_1!$AG$10 | S2: =beer_1!$AG$12 | T2: =beer_1!$AG$14 | U2: =beer_1!$AG$16 | V2: =beer_1!$AG$20 | W2: =beer_1!$AG$23 | X2: =beer_1!$AG$25 | Y2: =beer_1!$AG$27 | Z2: =beer_1!$AG$29 | AA2: =beer_1!$AG$33 | AB2: =beer_1!$AG$36 | AC2: =beer_1!$AG$38 | AD2: =beer_1!$AG$40 | AE2: =beer_1!$AG$42 | AF2: =beer_1!$Q$50 | AG2: =beer_1!$Q$54 | AH2: =beer_1!$Q$58 | AI2: =beer_1!$Q$62 | AJ2: =beer_1!$AG$50 | AK2: =beer_1!$AG$54 | AL2: =beer_1!$AG$58 | AM2: =beer_1!$Q$68 | AN2: =beer_1!$Q$72 | AO2: =beer_1!$Q$76 | AP2: =beer_1!$AG$68 | AQ2: =beer_1!$AG$72 | AR2: =beer_1!$AG$76 | AS2: =beer_1!$Q$82 | AT2: =beer_1!$Q$86 | AU2: =beer_1!$Q$90 | AV2: =beer_1!$AG$82 | AW2: =beer_1!$AG$86 | AX2: =beer_1!$AG$90 | AY2: =beer_1!$Q$94 | AZ2: =beer_1!$S$93
A3: 2 | B3: =beer_2!$Q$7 | C3: =beer_2!$Q$10 | D3: =beer_2!$Q$12 | E3: =beer_2!$Q$14 | F3: =beer_2!$Q$16 | G3: =beer_2!$Q$20 | H3: =beer_2!$Q$23 | I3: =beer_2!$Q$25 | J3: =beer_2!$Q$27 | K3: =beer_2!$Q$29 | L3: =beer_2!$Q$33 | M3: =beer_2!$Q$36 | N3: =beer_2!$Q$38 | O3: =beer_2!$Q$40 | P3: =beer_2!$Q$42 | Q3: =beer_2!$AG$7 | R3: =beer_2!$AG$10 | S3: =beer_2!$AG$12 | T3: =beer_2!$AG$14 | U3: =beer_2!$AG$16 | V3: =beer_2!$AG$20 | W3: =beer_2!$AG$23 | X3: =beer_2!$AG$25 | Y3: =beer_2!$AG$27 | Z3: =beer_2!$AG$29 | AA3: =beer_2!$AG$33 | AB3: =beer_2!$AG$36 | AC3: =beer_2!$AG$38 | AD3: =beer_2!$AG$40 | AE3: =beer_2!$AG$42 | AF3: =beer_2!$Q$50 | AG3: =beer_2!$Q$54 | AH3: =beer_2!$Q$58 | AI3: =beer_2!$Q$62 | AJ3: =beer_2!$AG$50 | AK3: =beer_2!$AG$54 | AL3: =beer_2!$AG$58 | AM3: =beer_2!$Q$68 | AN3: =beer_2!$Q$72 | AO3: =beer_2!$Q$76 | AP3: =beer_2!$AG$68 | AQ3: =beer_2!$AG$72 | AR3: =beer_2!$AG$76 | AS3: =beer_2!$Q$82 | AT3: =beer_2!$Q$86 | AU3: =beer_2!$Q$90 | AV3: =beer_2!$AG$82 | AW3: =beer_2!$AG$86 | AX3: =beer_2!$AG$90 | AY3: =beer_2!$Q$94 | AZ3: =beer_2!$S$93
A4: 3 | B4: =beer_3!$Q$7 | C4: =beer_3!$Q$10 | D4: =beer_3!$Q$12 | E4: =beer_3!$Q$14 | F4: =beer_3!$Q$16 | G4: =beer_3!$Q$20 | H4: =beer_3!$Q$23 | I4: =beer_3!$Q$25 | J4: =beer_3!$Q$27 | K4: =beer_3!$Q$29 | L4: =beer_3!$Q$33 | M4: =beer_3!$Q$36 | N4: =beer_3!$Q$38 | O4: =beer_3!$Q$40 | P4: =beer_3!$Q$42 | Q4: =beer_3!$AG$7 | R4: =beer_3!$AG$10 | S4: =beer_3!$AG$12 | T4: =beer_3!$AG$14 | U4: =beer_3!$AG$16 | V4: =beer_3!$AG$20 | W4: =beer_3!$AG$23 | X4: =beer_3!$AG$25 | Y4: =beer_3!$AG$27 | Z4: =beer_3!$AG$29 | AA4: =beer_3!$AG$33 | AB4: =beer_3!$AG$36 | AC4: =beer_3!$AG$38 | AD4: =beer_3!$AG$40 | AE4: =beer_3!$AG$42 | AF4: =beer_3!$Q$50 | AG4: =beer_3!$Q$54 | AH4: =beer_3!$Q$58 | AI4: =beer_3!$Q$62 | AJ4: =beer_3!$AG$50 | AK4: =beer_3!$AG$54 | AL4: =beer_3!$AG$58 | AM4: =beer_3!$Q$68 | AN4: =beer_3!$Q$72 | AO4: =beer_3!$Q$76 | AP4: =beer_3!$AG$68 | AQ4: =beer_3!$AG$72 | AR4: =beer_3!$AG$76 | AS4: =beer_3!$Q$82 | AT4: =beer_3!$Q$86 | AU4: =beer_3!$Q$90 | AV4: =beer_3!$AG$82 | AW4: =beer_3!$AG$86 | AX4: =beer_3!$AG$90 | AY4: =beer_3!$Q$94 | AZ4: =beer_3!$S$93
A5: 4 | B5: =beer_4!$Q$7 | C5: =beer_4!$Q$10 | D5: =beer_4!$Q$12 | E5: =beer_4!$Q$14 | F5: =beer_4!$Q$16 | G5: =beer_4!$Q$20 | H5: =beer_4!$Q$23 | I5: =beer_4!$Q$25 | J5: =beer_4!$Q$27 | K5: =beer_4!$Q$29 | L5: =beer_4!$Q$33 | M5: =beer_4!$Q$36 | N5: =beer_4!$Q$38 | O5: =beer_4!$Q$40 | P5: =beer_4!$Q$42 | Q5: =beer_4!$AG$7 | R5: =beer_4!$AG$10 | S5: =beer_4!$AG$12 | T5: =beer_4!$AG$14 | U5: =beer_4!$AG$16 | V5: =beer_4!$AG$20 | W5: =beer_4!$AG$23 | X5: =beer_4!$AG$25 | Y5: =beer_4!$AG$27 | Z5: =beer_4!$AG$29 | AA5: =beer_4!$AG$33 | AB5: =beer_4!$AG$36 | AC5: =beer_4!$AG$38 | AD5: =beer_4!$AG$40 | AE5: =beer_4!$AG$42 | AF5: =beer_4!$Q$50 | AG5: =beer_4!$Q$54 | AH5: =beer_4!$Q$58 | AI5: =beer_4!$Q$62 | AJ5: =beer_4!$AG$50 | AK5: =beer_4!$AG$54 | AL5: =beer_4!$AG$58 | AM5: =beer_4!$Q$68 | AN5: =beer_4!$Q$72 | AO5: =beer_4!$Q$76 | AP5: =beer_4!$AG$68 | AQ5: =beer_4!$AG$72 | AR5: =beer_4!$AG$76 | AS5: =beer_4!$Q$82 | AT5: =beer_4!$Q$86 | AU5: =beer_4!$Q$90 | AV5: =beer_4!$AG$82 | AW5: =beer_4!$AG$86 | AX5: =beer_4!$AG$90 | AY5: =beer_4!$Q$94 | AZ5: =beer_4!$S$93
A6: 5 | B6: =beer_5!$Q$7 | C6: =beer_5!$Q$10 | D6: =beer_5!$Q$12 | E6: =beer_5!$Q$14 | F6: =beer_5!$Q$16 | G6: =beer_5!$Q$20 | H6: =beer_5!$Q$23 | I6: =beer_5!$Q$25 | J6: =beer_5!$Q$27 | K6: =beer_5!$Q$29 | L6: =beer_5!$Q$33 | M6: =beer_5!$Q$36 | N6: =beer_5!$Q$38 | O6: =beer_5!$Q$40 | P6: =beer_5!$Q$42 | Q6: =beer_5!$AG$7 | R6: =beer_5!$AG$10 | S6: =beer_5!$AG$12 | T6: =beer_5!$AG$14 | U6: =beer_5!$AG$16 | V6: =beer_5!$AG$20 | W6: =beer_5!$AG$23 | X6: =beer_5!$AG$25 | Y6: =beer_5!$AG$27 | Z6: =beer_5!$AG$29 | AA6: =beer_5!$AG$33 | AB6: =beer_5!$AG$36 | AC6: =beer_5!$AG$38 | AD6: =beer_5!$AG$40 | AE6: =beer_5!$AG$42 | AF6: =beer_5!$Q$50 | AG6: =beer_5!$Q$54 | AH6: =beer_5!$Q$58 | AI6: =beer_5!$Q$62 | AJ6: =beer_5!$AG$50 | AK6: =beer_5!$AG$54 | AL6: =beer_5!$AG$58 | AM6: =beer_5!$Q$68 | AN6: =beer_5!$Q$72 | AO6: =beer_5!$Q$76 | AP6: =beer_5!$AG$68 | AQ6: =beer_5!$AG$72 | AR6: =beer_5!$AG$76 | AS6: =beer_5!$Q$82 | AT6: =beer_5!$Q$86 | AU6: =beer_5!$Q$90 | AV6: =beer_5!$AG$82 | AW6: =beer_5!$AG$86 | AX6: =beer_5!$AG$90 | AY6: =beer_5!$Q$94 | AZ6: =beer_5!$S$93
A7: 6 | B7: =beer_6!$Q$7 | C7: =beer_6!$Q$10 | D7: =beer_6!$Q$12 | E7: =beer_6!$Q$14 | F7: =beer_6!$Q$16 | G7: =beer_6!$Q$20 | H7: =beer_6!$Q$23 | I7: =beer_6!$Q$25 | J7: =beer_6!$Q$27 | K7: =beer_6!$Q$29 | L7: =beer_6!$Q$33 | M7: =beer_6!$Q$36 | N7: =beer_6!$Q$38 | O7: =beer_6!$Q$40 | P7: =beer_6!$Q$42 | Q7: =beer_6!$AG$7 | R7: =beer_6!$AG$10 | S7: =beer_6!$AG$12 | T7: =beer_6!$AG$14 | U7: =beer_6!$AG$16 | V7: =beer_6!$AG$20 | W7: =beer_6!$AG$23 | X7: =beer_6!$AG$25 | Y7: =beer_6!$AG$27 | Z7: =beer_6!$AG$29 | AA7: =beer_6!$AG$33 | AB7: =beer_6!$AG$36 | AC7: =beer_6!$AG$38 | AD7: =beer_6!$AG$40 | AE7: =beer_6!$AG$42 | AF7: =beer_6!$Q$50 | AG7: =beer_6!$Q$54 | AH7: =beer_6!$Q$58 | AI7: =beer_6!$Q$62 | AJ7: =beer_6!$AG$50 | AK7: =beer_6!$AG$54 | AL7: =beer_6!$AG$58 | AM7: =beer_6!$Q$68 | AN7: =beer_6!$Q$72 | AO7: =beer_6!$Q$76 | AP7: =beer_6!$AG$68 | AQ7: =beer_6!$AG$72 | AR7: =beer_6!$AG$76 | AS7: =beer_6!$Q$82 | AT7: =beer_6!$Q$86 | AU7: =beer_6!$Q$90 | AV7: =beer_6!$AG$82 | AW7: =beer_6!$AG$86 | AX7: =beer_6!$AG$90 | AY7: =beer_6!$Q$94 | AZ7: =beer_6!$S$93
A8: 7 | B8: =beer_7!$Q$7 | C8: =beer_7!$Q$10 | D8: =beer_7!$Q$12 | E8: =beer_7!$Q$14 | F8: =beer_7!$Q$16 | G8: =beer_7!$Q$20 | H8: =beer_7!$Q$23 | I8: =beer_7!$Q$25 | J8: =beer_7!$Q$27 | K8: =beer_7!$Q$29 | L8: =beer_7!$Q$33 | M8: =beer_7!$Q$36 | N8: =beer_7!$Q$38 | O8: =beer_7!$Q$40 | P8: =beer_7!$Q$42 | Q8: =beer_7!$AG$7 | R8: =beer_7!$AG$10 | S8: =beer_7!$AG$12 | T8: =beer_7!$AG$14 | U8: =beer_7!$AG$16 | V8: =beer_7!$AG$20 | W8: =beer_7!$AG$23 | X8: =beer_7!$AG$25 | Y8: =beer_7!$AG$27 | Z8: =beer_7!$AG$29 | AA8: =beer_7!$AG$33 | AB8: =beer_7!$AG$36 | AC8: =beer_7!$AG$38 | AD8: =beer_7!$AG$40 | AE8: =beer_7!$AG$42 | AF8: =beer_7!$Q$50 | AG8: =beer_7!$Q$54 | AH8: =beer_7!$Q$58 | AI8: =beer_7!$Q$62 | AJ8: =beer_7!$AG$50 | AK8: =beer_7!$AG$54 | AL8: =beer_7!$AG$58 | AM8: =beer_7!$Q$68 | AN8: =beer_7!$Q$72 | AO8: =beer_7!$Q$76 | AP8: =beer_7!$AG$68 | AQ8: =beer_7!$AG$72 | AR8: =beer_7!$AG$76 | AS8: =beer_7!$Q$82 | AT8: =beer_7!$Q$86 | AU8: =beer_7!$Q$90 | AV8: =beer_7!$AG$82 | AW8: =beer_7!$AG$86 | AX8: =beer_7!$AG$90 | AY8: =beer_7!$Q$94 | AZ8: =beer_7!$S$93
A9: 8 | B9: =beer_8!$Q$7 | C9: =beer_8!$Q$10 | D9: =beer_8!$Q$12 | E9: =beer_8!$Q$14 | F9: =beer_8!$Q$16 | G9: =beer_8!$Q$20 | H9: =beer_8!$Q$23 | I9: =beer_8!$Q$25 | J9: =beer_8!$Q$27 | K9: =beer_8!$Q$29 | L9: =beer_8!$Q$33 | M9: =beer_8!$Q$36 | N9: =beer_8!$Q$38 | O9: =beer_8!$Q$40 | P9: =beer_8!$Q$42 | Q9: =beer_8!$AG$7 | R9: =beer_8!$AG$10 | S9: =beer_8!$AG$12 | T9: =beer_8!$AG$14 | U9: =beer_8!$AG$16 | V9: =beer_8!$AG$20 | W9: =beer_8!$AG$23 | X9: =beer_8!$AG$25 | Y9: =beer_8!$AG$27 | Z9: =beer_8!$AG$29 | AA9: =beer_8!$AG$33 | AB9: =beer_8!$AG$36 | AC9: =beer_8!$AG$38 | AD9: =beer_8!$AG$40 | AE9: =beer_8!$AG$42 | AF9: =beer_8!$Q$50 | AG9: =beer_8!$Q$54 | AH9: =beer_8!$Q$58 | AI9: =beer_8!$Q$62 | AJ9: =beer_8!$AG$50 | AK9: =beer_8!$AG$54 | AL9: =beer_8!$AG$58 | AM9: =beer_8!$Q$68 | AN9: =beer_8!$Q$72 | AO9: =beer_8!$Q$76 | AP9: =beer_8!$AG$68 | AQ9: =beer_8!$AG$72 | AR9: =beer_8!$AG$76 | AS9: =beer_8!$Q$82 | AT9: =beer_8!$Q$86 | AU9: =beer_8!$Q$90 | AV9: =beer_8!$AG$82 | AW9: =beer_8!$AG$86 | AX9: =beer_8!$AG$90 | AY9: =beer_8!$Q$94 | AZ9: =beer_8!$S$93
A10: 9 | B10: =beer_9!$Q$7 | C10: =beer_9!$Q$10 | D10: =beer_9!$Q$12 | E10: =beer_9!$Q$14 | F10: =beer_9!$Q$16 | G10: =beer_9!$Q$20 | H10: =beer_9!$Q$23 | I10: =beer_9!$Q$25 | J10: =beer_9!$Q$27 | K10: =beer_9!$Q$29 | L10: =beer_9!$Q$33 | M10: =beer_9!$Q$36 | N10: =beer_9!$Q$38 | O10: =beer_9!$Q$40 | P10: =beer_9!$Q$42 | Q10: =beer_9!$AG$7 | R10: =beer_9!$AG$10 | S10: =beer_9!$AG$12 | T10: =beer_9!$AG$14 | U10: =beer_9!$AG$16 | V10: =beer_9!$AG$20 | W10: =beer_9!$AG$23 | X10: =beer_9!$AG$25 | Y10: =beer_9!$AG$27 | Z10: =beer_9!$AG$29 | AA10: =beer_9!$AG$33 | AB10: =beer_9!$AG$36 | AC10: =beer_9!$AG$38 | AD10: =beer_9!$AG$40 | AE10: =beer_9!$AG$42 | AF10: =beer_9!$Q$50 | AG10: =beer_9!$Q$54 | AH10: =beer_9!$Q$58 | AI10: =beer_9!$Q$62 | AJ10: =beer_9!$AG$50 | AK10: =beer_9!$AG$54 | AL10: =beer_9!$AG$58 | AM10: =beer_9!$Q$68 | AN10: =beer_9!$Q$72 | AO10: =beer_9!$Q$76 | AP10: =beer_9!$AG$68 | AQ10: =beer_9!$AG$72 | AR10: =beer_9!$AG$76 | AS10: =beer_9!$Q$82 | AT10: =beer_9!$Q$86 | AU10: =beer_9!$Q$90 | AV10: =beer_9!$AG$82 | AW10: =beer_9!$AG$86 | AX10: =beer_9!$AG$90 | AY10: =beer_9!$Q$94 | AZ10: =beer_9!$S$93
A11: 10 | B11: =beer_10!$Q$7 | C11: =beer_10!$Q$10 | D11: =beer_10!$Q$12 | E11: =beer_10!$Q$14 | F11: =beer_10!$Q$16 | G11: =beer_10!$Q$20 | H11: =beer_10!$Q$23 | I11: =beer_10!$Q$25 | J11: =beer_10!$Q$27 | K11: =beer_10!$Q$29 | L11: =beer_10!$Q$33 | M11: =beer_10!$Q$36 | N11: =beer_10!$Q$38 | O11: =beer_10!$Q$40 | P11: =beer_10!$Q$42 | Q11: =beer_10!$AG$7 | R11: =beer_10!$AG$10 | S11: =beer_10!$AG$12 | T11: =beer_10!$AG$14 | U11: =beer_10!$AG$16 | V11: =beer_10!$AG$20 | W11: =beer_10!$AG$23 | X11: =beer_10!$AG$25 | Y11: =beer_10!$AG$27 | Z11: =beer_10!$AG$29 | AA11: =beer_10!$AG$33 | AB11: =beer_10!$AG$36 | AC11: =beer_10!$AG$38 | AD11: =beer_10!$AG$40 | AE11: =beer_10!$AG$42 | AF11: =beer_10!$Q$50 | AG11: =beer_10!$Q$54 | AH11: =beer_10!$Q$58 | AI11: =beer_10!$Q$62 | AJ11: =beer_10!$AG$50 | AK11: =beer_10!$AG$54 | AL11: =beer_10!$AG$58 | AM11: =beer_10!$Q$68 | AN11: =beer_10!$Q$72 | AO11: =beer_10!$Q$76 | AP11: =beer_10!$AG$68 | AQ11: =beer_10!$AG$72 | AR11: =beer_10!$AG$76 | AS11: =beer_10!$Q$82 | AT11: =beer_10!$Q$86 | AU11: =beer_10!$Q$90 | AV11: =beer_10!$AG$82 | AW11: =beer_10!$AG$86 | AX11: =beer_10!$AG$90 | AY11: =beer_10!$Q$94 | AZ11: =beer_10!$S$93
A12: 11 | B12: =beer_11!$Q$7 | C12: =beer_11!$Q$10 | D12: =beer_11!$Q$12 | E12: =beer_11!$Q$14 | F12: =beer_11!$Q$16 | G12: =beer_11!$Q$20 | H12: =beer_11!$Q$23 | I12: =beer_11!$Q$25 | J12: =beer_11!$Q$27 | K12: =beer_11!$Q$29 | L12: =beer_11!$Q$33 | M12: =beer_11!$Q$36 | N12: =beer_11!$Q$38 | O12: =beer_11!$Q$40 | P12: =beer_11!$Q$42 | Q12: =beer_11!$AG$7 | R12: =beer_11!$AG$10 | S12: =beer_11!$AG$12 | T12: =beer_11!$AG$14 | U12: =beer_11!$AG$16 | V12: =beer_11!$AG$20 | W12: =beer_11!$AG$23 | X12: =beer_11!$AG$25 | Y12: =beer_11!$AG$27 | Z12: =beer_11!$AG$29 | AA12: =beer_11!$AG$33 | AB12: =beer_11!$AG$36 | AC12: =beer_11!$AG$38 | AD12: =beer_11!$AG$40 | AE12: =beer_11!$AG$42 | AF12: =beer_11!$Q$50 | AG12: =beer_11!$Q$54 | AH12: =beer_11!$Q$58 | AI12: =beer_11!$Q$62 | AJ12: =beer_11!$AG$50 | AK12: =beer_11!$AG$54 | AL12: =beer_11!$AG$58 | AM12: =beer_11!$Q$68 | AN12: =beer_11!$Q$72 | AO12: =beer_11!$Q$76 | AP12: =beer_11!$AG$68 | AQ12: =beer_11!$AG$72 | AR12: =beer_11!$AG$76 | AS12: =beer_11!$Q$82 | AT12: =beer_11!$Q$86 | AU12: =beer_11!$Q$90 | AV12: =beer_11!$AG$82 | AW12: =beer_11!$AG$86 | AX12: =beer_11!$AG$90 | AY12: =beer_11!$Q$94 | AZ12: =beer_11!$S$93
A13: 12 | B13: =beer_12!$Q$7 | C13: =beer_12!$Q$10 | D13: =beer_12!$Q$12 | E13: =beer_12!$Q$14 | F13: =beer_12!$Q$16 | G13: =beer_12!$Q$20 | H13: =beer_12!$Q$23 | I13: =beer_12!$Q$25 | J13: =beer_12!$Q$27 | K13: =beer_12!$Q$29 | L13: =beer_12!$Q$33 | M13: =beer_12!$Q$36 | N13: =beer_12!$Q$38 | O13: =beer_12!$Q$40 | P13: =beer_12!$Q$42 | Q13: =beer_12!$AG$7 | R13: =beer_12!$AG$10 | S13: =beer_12!$AG$12 | T13: =beer_12!$AG$14 | U13: =beer_12!$AG$16 | V13: =beer_12!$AG$20 | W13: =beer_12!$AG$23 | X13: =beer_12!$AG$25 | Y13: =beer_12!$AG$27 | Z13: =beer_12!$AG$29 | AA13: =beer_12!$AG$33 | AB13: =beer_12!$AG$36 | AC13: =beer_12!$AG$38 | AD13: =beer_12!$AG$40 | AE13: =beer_12!$AG$42 | AF13: =beer_12!$Q$50 | AG13: =beer_12!$Q$54 | AH13: =beer_12!$Q$58 | AI13: =beer_12!$Q$62 | AJ13: =beer_12!$AG$50 | AK13: =beer_12!$AG$54 | AL13: =beer_12!$AG$58 | AM13: =beer_12!$Q$68 | AN13: =beer_12!$Q$72 | AO13: =beer_12!$Q$76 | AP13: =beer_12!$AG$68 | AQ13: =beer_12!$AG$72 | AR13: =beer_12!$AG$76 | AS13: =beer_12!$Q$82 | AT13: =beer_12!$Q$86 | AU13: =beer_12!$Q$90 | AV13: =beer_12!$AG$82 | AW13: =beer_12!$AG$86 | AX13: =beer_12!$AG$90 | AY13: =beer_12!$Q$94 | AZ13: =beer_12!$S$93
